year,gender,name,count
2002,F,MARIA,9037
2002,F,LUCIA,7863
2002,F,PAULA,6066
2002,F,LAURA,5656
2002,F,MARTA,4747
2002,F,ALBA,4705
2002,F,ANDREA,4516
2002,F,SARA,3585
2002,F,ANA,3454
2002,F,NEREA,3239
2002,F,CLAUDIA,2992
2002,F,CRISTINA,2687
2002,F,MARINA,2685
2002,F,ELENA,2486
2002,F,IRENE,2373
2002,F,NATALIA,2331
2002,F,CARLA,2246
2002,F,CARMEN,2091
2002,F,NURIA,1904
2002,F,AINHOA,1663
2002,F,PATRICIA,1633
2002,F,JULIA,1613
2002,F,ANGELA,1547
2002,F,ROCIO,1540
2002,F,SANDRA,1508
2002,F,RAQUEL,1477
2002,F,SOFIA,1430
2002,F,ALICIA,1269
2002,F,CLARA,1249
2002,F,NOELIA,1247
2002,F,MIRIAM,1179
2002,F,ALEJANDRA,1177
2002,F,EVA,1165
2002,F,ISABEL,1152
2002,F,SILVIA,1138
2002,F,CELIA,1111
2002,F,LORENA,1103
2002,F,INES,1096
2002,F,BEATRIZ,929
2002,F,MIREIA,900
2002,F,LAIA,890
2002,F,LIDIA,884
2002,F,CARLOTA,861
2002,F,BLANCA,860
2002,F,ARIADNA,815
2002,F,ADRIANA,811
2002,F,ANNA,807
2002,F,CAROLINA,793
2002,F,MONICA,766
2002,F,ANA MARIA,749
2002,F,VERONICA,687
2002,F,VICTORIA,683
2002,F,AITANA,682
2002,F,ESTHER,677
2002,F,JUDITH,637
2002,F,GISELA,619
2002,F,SONIA,574
2002,F,LARA,562
2002,F,MAR,553
2002,F,DANIELA,539
2002,F,EMMA,525
2002,F,AIDA,522
2002,F,AROA,516
2002,F,BELEN,508
2002,F,HELENA,502
2002,F,AINA,497
2002,F,LEIRE,494
2002,F,TERESA,489
2002,F,AINARA,475
2002,F,JUDIT,460
2002,F,PAOLA,454
2002,F,YAIZA,447
2002,F,SHEILA,442
2002,F,MARIA DEL CARMEN,438
2002,F,BERTA,424
2002,F,FATIMA,421
2002,F,NOEMI,419
2002,F,AINOA,415
2002,F,PALOMA,410
2002,F,NAIARA,409
2002,F,MARIA JOSE,405
2002,F,GEMA,401
2002,F,TANIA,396
2002,F,REBECA,394
2002,F,ERIKA,390
2002,F,ZAIRA,388
2002,F,ANE,387
2002,F,MARTINA,361
2002,F,SUSANA,355
2002,F,ELISA,351
2002,F,ALBA MARIA,347
2002,F,SALMA,346
2002,F,PILAR,345
2002,F,CANDELA,343
2002,F,NADIA,336
2002,F,ESTELA,334
2002,F,VALERIA,334
2002,F,JENNIFER,307
2002,F,IRATI,303
2002,F,INMACULADA,299
2002,M,ALEJANDRO,8147
2002,M,PABLO,5930
2002,M,DANIEL,5700
2002,M,DAVID,5524
2002,M,ADRIAN,5043
2002,M,JAVIER,5018
2002,M,ALVARO,4678
2002,M,SERGIO,3824
2002,M,CARLOS,3668
2002,M,JORGE,2931
2002,M,MARIO,2918
2002,M,RAUL,2778
2002,M,DIEGO,2746
2002,M,MANUEL,2740
2002,M,MIGUEL,2684
2002,M,IVAN,2681
2002,M,ANTONIO,2561
2002,M,JUAN,2362
2002,M,RUBEN,2238
2002,M,VICTOR,2129
2002,M,ALBERTO,2017
2002,M,JESUS,1901
2002,M,MARC,1886
2002,M,OSCAR,1858
2002,M,ANGEL,1790
2002,M,FRANCISCO,1764
2002,M,JOSE,1678
2002,M,ALEX,1643
2002,M,MARCOS,1600
2002,M,JAIME,1453
2002,M,ISMAEL,1402
2002,M,LUIS,1365
2002,M,FRANCISCO JAVIER,1317
2002,M,MIGUEL ANGEL,1316
2002,M,PEDRO,1291
2002,M,SAMUEL,1247
2002,M,CRISTIAN,1220
2002,M,PAU,1219
2002,M,ANDRES,1199
2002,M,IKER,1197
2002,M,JOSE ANTONIO,1196
2002,M,GUILLERMO,1178
2002,M,IGNACIO,1174
2002,M,RAFAEL,1166
2002,M,FERNANDO,1158
2002,M,JOSE MANUEL,1142
2002,M,NICOLAS,1050
2002,M,GONZALO,1031
2002,M,GABRIEL,1026
2002,M,HUGO,973
2002,M,JOEL,963
2002,M,JOAN,947
2002,M,AARON,915
2002,M,AITOR,881
2002,M,POL,874
2002,M,ENRIQUE,869
2002,M,EDUARDO,823
2002,M,JOSE LUIS,811
2002,M,RODRIGO,795
2002,M,ARNAU,789
2002,M,JORDI,779
2002,M,ROBERTO,767
2002,M,JUAN JOSE,760
2002,M,SANTIAGO,745
2002,M,JUAN MANUEL,698
2002,M,CHRISTIAN,695
2002,M,JOSE MARIA,688
2002,M,ERIC,666
2002,M,LUCAS,661
2002,M,GERARD,636
2002,M,HECTOR,628
2002,M,JUAN CARLOS,619
2002,M,SERGI,615
2002,M,MARTIN,611
2002,M,UNAI,588
2002,M,JUAN ANTONIO,587
2002,M,KEVIN,543
2002,M,ADRIA,542
2002,M,FRANCISCO JOSE,537
2002,M,ASIER,533
2002,M,XAVIER,533
2002,M,ALBERT,526
2002,M,JOAQUIN,504
2002,M,ORIOL,498
2002,M,BORJA,497
2002,M,MIKEL,482
2002,M,MOHAMED,480
2002,M,JONATHAN,469
2002,M,JON,464
2002,M,GUILLEM,454
2002,M,ALFONSO,453
2002,M,RICARDO,424
2002,M,CESAR,418
2002,M,ISAAC,403
2002,M,RAMON,400
2002,M,ANDER,390
2002,M,JOSE MIGUEL,390
2002,M,MARCO,382
2002,M,SALVADOR,359
2002,M,MARTI,352
2003,F,LUCIA,9443
2003,F,MARIA,9131
2003,F,PAULA,7331
2003,F,LAURA,5683
2003,F,MARTA,4829
2003,F,ANDREA,4667
2003,F,ALBA,4488
2003,F,SARA,3472
2003,F,CLAUDIA,3415
2003,F,ANA,3307
2003,F,NEREA,3234
2003,F,CARLA,2730
2003,F,ELENA,2525
2003,F,CRISTINA,2470
2003,F,NATALIA,2323
2003,F,MARINA,2307
2003,F,AINHOA,2289
2003,F,IRENE,2280
2003,F,CARMEN,2174
2003,F,NURIA,1816
2003,F,JULIA,1807
2003,F,ANGELA,1666
2003,F,SOFIA,1618
2003,F,ROCIO,1589
2003,F,SANDRA,1455
2003,F,NOELIA,1430
2003,F,ALEJANDRA,1428
2003,F,PATRICIA,1369
2003,F,RAQUEL,1342
2003,F,CLARA,1337
2003,F,CELIA,1237
2003,F,ALICIA,1227
2003,F,SILVIA,1189
2003,F,INES,1168
2003,F,MIRIAM,1154
2003,F,ISABEL,1125
2003,F,EVA,1112
2003,F,LORENA,1035
2003,F,LAIA,1014
2003,F,BEATRIZ,939
2003,F,CARLOTA,891
2003,F,CAROLINA,885
2003,F,DANIELA,871
2003,F,LIDIA,835
2003,F,ARIADNA,827
2003,F,BLANCA,824
2003,F,ANNA,789
2003,F,ADRIANA,777
2003,F,AITANA,762
2003,F,JUDITH,758
2003,F,MONICA,754
2003,F,MIREIA,753
2003,F,AINARA,675
2003,F,ANA MARIA,665
2003,F,LARA,648
2003,F,VICTORIA,642
2003,F,MAR,638
2003,F,ESTHER,603
2003,F,NAIARA,602
2003,F,CANDELA,600
2003,F,AROA,579
2003,F,SONIA,576
2003,F,PAOLA,575
2003,F,AINA,569
2003,F,TERESA,565
2003,F,EMMA,552
2003,F,LEIRE,539
2003,F,VERONICA,508
2003,F,BELEN,503
2003,F,AIDA,491
2003,F,MARIA DEL CARMEN,486
2003,F,YAIZA,484
2003,F,MARTINA,477
2003,F,BERTA,476
2003,F,JUDIT,475
2003,F,SHEILA,474
2003,F,ERIKA,472
2003,F,GISELA,467
2003,F,NOA,460
2003,F,NOEMI,450
2003,F,HELENA,448
2003,F,FATIMA,442
2003,F,DESIREE,436
2003,F,SALMA,414
2003,F,REBECA,413
2003,F,ANE,403
2003,F,VALERIA,403
2003,F,ZAIRA,390
2003,F,NORA,382
2003,F,MARIA JOSE,377
2003,F,PALOMA,371
2003,F,TANIA,371
2003,F,NADIA,351
2003,F,IRATI,344
2003,F,DIANA,340
2003,F,ELISA,340
2003,F,GEMA,340
2003,F,SUSANA,335
2003,F,NAYARA,334
2003,F,GABRIELA,333
2003,M,ALEJANDRO,7869
2003,M,DANIEL,6265
2003,M,PABLO,6225
2003,M,DAVID,5907
2003,M,JAVIER,4903
2003,M,ADRIAN,4860
2003,M,ALVARO,4583
2003,M,SERGIO,3782
2003,M,CARLOS,3616
2003,M,HUGO,3223
2003,M,MARIO,3092
2003,M,JORGE,3008
2003,M,DIEGO,2993
2003,M,IVAN,2993
2003,M,RAUL,2902
2003,M,MANUEL,2882
2003,M,MIGUEL,2818
2003,M,ANTONIO,2522
2003,M,RUBEN,2364
2003,M,JUAN,2177
2003,M,VICTOR,2123
2003,M,MARCOS,2110
2003,M,MARC,2069
2003,M,ALBERTO,2055
2003,M,JESUS,1891
2003,M,ALEX,1846
2003,M,OSCAR,1712
2003,M,ANGEL,1708
2003,M,FRANCISCO,1677
2003,M,IKER,1601
2003,M,JOSE,1582
2003,M,ISMAEL,1430
2003,M,JAIME,1405
2003,M,SAMUEL,1385
2003,M,PAU,1367
2003,M,MIGUEL ANGEL,1338
2003,M,LUIS,1336
2003,M,PEDRO,1329
2003,M,IGNACIO,1235
2003,M,RAFAEL,1206
2003,M,FRANCISCO JAVIER,1189
2003,M,FERNANDO,1167
2003,M,NICOLAS,1161
2003,M,GUILLERMO,1148
2003,M,CRISTIAN,1126
2003,M,JOSE ANTONIO,1123
2003,M,JOEL,1095
2003,M,ANDRES,1090
2003,M,JOSE MANUEL,1074
2003,M,GONZALO,1067
2003,M,GABRIEL,1058
2003,M,JOAN,1007
2003,M,LUCAS,981
2003,M,ENRIQUE,942
2003,M,POL,931
2003,M,AITOR,925
2003,M,AARON,898
2003,M,RODRIGO,861
2003,M,ARNAU,841
2003,M,SANTIAGO,820
2003,M,EDUARDO,807
2003,M,JORDI,796
2003,M,ROBERTO,796
2003,M,ERIC,791
2003,M,JUAN JOSE,761
2003,M,JOSE LUIS,744
2003,M,UNAI,719
2003,M,HECTOR,686
2003,M,MARTIN,663
2003,M,GERARD,657
2003,M,JOSE MARIA,646
2003,M,SERGI,632
2003,M,JUAN CARLOS,621
2003,M,JUAN MANUEL,608
2003,M,JUAN ANTONIO,580
2003,M,ADRIA,578
2003,M,ASIER,560
2003,M,MOHAMED,551
2003,M,KEVIN,542
2003,M,CHRISTIAN,537
2003,M,ORIOL,536
2003,M,BORJA,529
2003,M,FRANCISCO JOSE,510
2003,M,ALBERT,498
2003,M,JONATHAN,495
2003,M,JOAQUIN,489
2003,M,MIKEL,476
2003,M,XAVIER,475
2003,M,ALFONSO,461
2003,M,JON,457
2003,M,MARCO,447
2003,M,RICARDO,440
2003,M,ISAAC,436
2003,M,CESAR,426
2003,M,ANDER,422
2003,M,IZAN,417
2003,M,GUILLEM,405
2003,M,ABEL,397
2003,M,MARTI,397
2003,M,DARIO,387
2004,F,LUCIA,10569
2004,F,MARIA,8040
2004,F,PAULA,7293
2004,F,LAURA,5775
2004,F,MARTA,4703
2004,F,ALBA,4329
2004,F,ANDREA,4242
2004,F,CLAUDIA,3448
2004,F,SARA,3253
2004,F,NEREA,3184
2004,F,CARLA,3036
2004,F,ANA,3009
2004,F,NATALIA,2583
2004,F,CRISTINA,2285
2004,F,IRENE,2273
2004,F,MARINA,2266
2004,F,ELENA,2244
2004,F,CARMEN,2202
2004,F,JULIA,2141
2004,F,AINHOA,2060
2004,F,ROCIO,1743
2004,F,SOFIA,1743
2004,F,ANGELA,1691
2004,F,NURIA,1588
2004,F,ALEJANDRA,1545
2004,F,SANDRA,1349
2004,F,ALICIA,1278
2004,F,PATRICIA,1271
2004,F,CLARA,1264
2004,F,CELIA,1261
2004,F,EVA,1235
2004,F,INES,1223
2004,F,NOELIA,1207
2004,F,DANIELA,1202
2004,F,LAIA,1175
2004,F,RAQUEL,1172
2004,F,SILVIA,1077
2004,F,ISABEL,1061
2004,F,LORENA,1044
2004,F,MIRIAM,1003
2004,F,ADRIANA,995
2004,F,BLANCA,972
2004,F,ARIADNA,945
2004,F,AITANA,909
2004,F,AROA,903
2004,F,CANDELA,869
2004,F,CAROLINA,847
2004,F,BEATRIZ,831
2004,F,CARLOTA,821
2004,F,AINARA,792
2004,F,VICTORIA,761
2004,F,MIREIA,744
2004,F,ANNA,741
2004,F,LIDIA,735
2004,F,JUDITH,694
2004,F,MARTINA,682
2004,F,MONICA,677
2004,F,MAR,674
2004,F,LARA,657
2004,F,NAIARA,650
2004,F,ERIKA,627
2004,F,ANA MARIA,626
2004,F,AINA,618
2004,F,EMMA,593
2004,F,ESTHER,593
2004,F,YAIZA,593
2004,F,PAOLA,590
2004,F,LEIRE,547
2004,F,HELENA,542
2004,F,SONIA,510
2004,F,SHEILA,505
2004,F,BERTA,494
2004,F,REBECA,493
2004,F,GISELA,484
2004,F,JUDIT,477
2004,F,NOA,461
2004,F,TERESA,458
2004,F,FATIMA,438
2004,F,BELEN,433
2004,F,NORA,433
2004,F,VERONICA,430
2004,F,NAYARA,426
2004,F,GABRIELA,425
2004,F,JIMENA,422
2004,F,LOLA,418
2004,F,DESIREE,404
2004,F,ELSA,400
2004,F,SALMA,400
2004,F,VALERIA,399
2004,F,MARIA DEL CARMEN,395
2004,F,ABRIL,391
2004,F,ESTELA,387
2004,F,LEYRE,384
2004,F,NOEMI,381
2004,F,IRIA,375
2004,F,GEMA,374
2004,F,ANE,372
2004,F,IRATI,366
2004,F,NADIA,360
2004,F,LUNA,355
2004,M,ALEJANDRO,7503
2004,M,DAVID,6370
2004,M,DANIEL,6171
2004,M,PABLO,6110
2004,M,ADRIAN,4816
2004,M,ALVARO,4707
2004,M,JAVIER,4674
2004,M,SERGIO,3831
2004,M,CARLOS,3371
2004,M,MARCOS,3157
2004,M,IVAN,3143
2004,M,HUGO,3138
2004,M,MARIO,2956
2004,M,JORGE,2936
2004,M,DIEGO,2905
2004,M,MIGUEL,2717
2004,M,MANUEL,2689
2004,M,RAUL,2606
2004,M,RUBEN,2458
2004,M,ANTONIO,2380
2004,M,JUAN,2253
2004,M,ALEX,2069
2004,M,VICTOR,2067
2004,M,MARC,2008
2004,M,ALBERTO,1888
2004,M,JESUS,1714
2004,M,IKER,1712
2004,M,ANGEL,1709
2004,M,FRANCISCO,1687
2004,M,OSCAR,1584
2004,M,JOSE,1572
2004,M,SAMUEL,1492
2004,M,JAIME,1486
2004,M,ISMAEL,1414
2004,M,PAU,1412
2004,M,NICOLAS,1381
2004,M,LUIS,1286
2004,M,MIGUEL ANGEL,1284
2004,M,PEDRO,1261
2004,M,GONZALO,1249
2004,M,IGNACIO,1240
2004,M,GUILLERMO,1230
2004,M,RAFAEL,1203
2004,M,GABRIEL,1195
2004,M,JOEL,1168
2004,M,FERNANDO,1149
2004,M,FRANCISCO JAVIER,1122
2004,M,LUCAS,1083
2004,M,CRISTIAN,1068
2004,M,AARON,1029
2004,M,ANDRES,1027
2004,M,JOSE ANTONIO,1024
2004,M,POL,1004
2004,M,RODRIGO,1000
2004,M,JOAN,994
2004,M,HECTOR,982
2004,M,JOSE MANUEL,982
2004,M,AITOR,968
2004,M,ARNAU,883
2004,M,SANTIAGO,869
2004,M,ENRIQUE,864
2004,M,IZAN,849
2004,M,ROBERTO,812
2004,M,ERIC,777
2004,M,EDUARDO,760
2004,M,JORDI,757
2004,M,MARTIN,717
2004,M,UNAI,699
2004,M,ASIER,688
2004,M,JOSE LUIS,685
2004,M,JUAN JOSE,661
2004,M,SERGI,659
2004,M,ADRIA,649
2004,M,MOHAMED,648
2004,M,GERARD,637
2004,M,KEVIN,617
2004,M,JUAN MANUEL,610
2004,M,JOSE MARIA,592
2004,M,MARCO,583
2004,M,BORJA,579
2004,M,ORIOL,558
2004,M,CHRISTIAN,547
2004,M,JUAN CARLOS,536
2004,M,YERAY,528
2004,M,JUAN ANTONIO,521
2004,M,XAVIER,502
2004,M,ISAAC,494
2004,M,FRANCISCO JOSE,486
2004,M,JON,473
2004,M,JOAQUIN,472
2004,M,CESAR,467
2004,M,GUILLEM,467
2004,M,ALBERT,454
2004,M,MARTI,449
2004,M,JONATHAN,447
2004,M,MIKEL,438
2004,M,MATEO,436
2004,M,DARIO,434
2004,M,RICARDO,430
2004,M,ALFONSO,427
2005,F,LUCIA,10358
2005,F,MARIA,7983
2005,F,PAULA,6831
2005,F,LAURA,5402
2005,F,MARTA,4721
2005,F,ALBA,4057
2005,F,CLAUDIA,4025
2005,F,CARLA,3720
2005,F,ANDREA,3529
2005,F,SARA,3414
2005,F,NEREA,3096
2005,F,IRENE,2878
2005,F,ANA,2770
2005,F,NATALIA,2640
2005,F,JULIA,2471
2005,F,ELENA,2329
2005,F,CARMEN,2302
2005,F,SOFIA,2261
2005,F,MARINA,2071
2005,F,CRISTINA,1983
2005,F,AINHOA,1921
2005,F,ROCIO,1787
2005,F,ANGELA,1725
2005,F,DANIELA,1717
2005,F,ALEJANDRA,1596
2005,F,NURIA,1471
2005,F,AITANA,1462
2005,F,SANDRA,1406
2005,F,INES,1309
2005,F,LAIA,1234
2005,F,ALICIA,1182
2005,F,CANDELA,1180
2005,F,RAQUEL,1148
2005,F,PATRICIA,1147
2005,F,ADRIANA,1135
2005,F,CELIA,1128
2005,F,EVA,1124
2005,F,CLARA,1120
2005,F,ARIADNA,1075
2005,F,NOELIA,1070
2005,F,SILVIA,1022
2005,F,CARLOTA,978
2005,F,MARTINA,976
2005,F,BLANCA,974
2005,F,CAROLINA,973
2005,F,ISABEL,971
2005,F,MIRIAM,924
2005,F,LORENA,854
2005,F,NOA,851
2005,F,AINARA,830
2005,F,BEATRIZ,810
2005,F,VICTORIA,774
2005,F,AROA,772
2005,F,LIDIA,769
2005,F,MIREIA,767
2005,F,EMMA,728
2005,F,MAR,717
2005,F,NAIARA,701
2005,F,HELENA,673
2005,F,JUDITH,668
2005,F,ANNA,620
2005,F,AINA,614
2005,F,ERIKA,612
2005,F,LARA,597
2005,F,YAIZA,588
2005,F,PAOLA,576
2005,F,LEIRE,572
2005,F,MONICA,565
2005,F,BERTA,562
2005,F,DIANA,557
2005,F,JIMENA,555
2005,F,ANA MARIA,547
2005,F,ESTHER,536
2005,F,NAYARA,531
2005,F,NORA,528
2005,F,LOLA,520
2005,F,ABRIL,503
2005,F,JUDIT,487
2005,F,GABRIELA,484
2005,F,TERESA,477
2005,F,VALERIA,476
2005,F,TANIA,475
2005,F,ELSA,473
2005,F,REBECA,463
2005,F,GISELA,461
2005,F,BELEN,458
2005,F,LUNA,454
2005,F,SALMA,450
2005,F,FATIMA,448
2005,F,SHEILA,444
2005,F,SARAY,439
2005,F,SONIA,417
2005,F,MARIA DEL CARMEN,415
2005,F,NOEMI,405
2005,F,YANIRA,401
2005,F,VERONICA,393
2005,F,NADIA,391
2005,F,IRIA,383
2005,F,GEMA,382
2005,F,AFRICA,379
2005,M,ALEJANDRO,7312
2005,M,DANIEL,6579
2005,M,PABLO,6413
2005,M,DAVID,6134
2005,M,ADRIAN,4902
2005,M,JAVIER,4708
2005,M,ALVARO,4465
2005,M,SERGIO,3724
2005,M,CARLOS,3312
2005,M,MARCOS,3209
2005,M,IVAN,3174
2005,M,HUGO,3102
2005,M,DIEGO,2949
2005,M,JORGE,2890
2005,M,MIGUEL,2836
2005,M,MANUEL,2735
2005,M,MARIO,2624
2005,M,RAUL,2460
2005,M,ANTONIO,2364
2005,M,RUBEN,2290
2005,M,VICTOR,2157
2005,M,MARC,2101
2005,M,JUAN,2039
2005,M,IKER,2001
2005,M,SAMUEL,1928
2005,M,ALEX,1922
2005,M,ALBERTO,1848
2005,M,JESUS,1774
2005,M,ANGEL,1762
2005,M,NICOLAS,1659
2005,M,FRANCISCO,1625
2005,M,OSCAR,1612
2005,M,JAIME,1611
2005,M,HECTOR,1599
2005,M,JOSE,1597
2005,M,PAU,1457
2005,M,ISMAEL,1362
2005,M,GUILLERMO,1313
2005,M,PEDRO,1298
2005,M,JOEL,1271
2005,M,IGNACIO,1263
2005,M,LUIS,1259
2005,M,MIGUEL ANGEL,1235
2005,M,GONZALO,1229
2005,M,IZAN,1211
2005,M,RAFAEL,1205
2005,M,GABRIEL,1184
2005,M,AARON,1090
2005,M,ANDRES,1049
2005,M,FERNANDO,1032
2005,M,FRANCISCO JAVIER,1031
2005,M,LUCAS,1025
2005,M,POL,1009
2005,M,JOSE ANTONIO,1000
2005,M,RODRIGO,997
2005,M,CRISTIAN,995
2005,M,JOSE MANUEL,941
2005,M,AITOR,901
2005,M,JOAN,895
2005,M,SANTIAGO,853
2005,M,MARTIN,833
2005,M,EDUARDO,830
2005,M,ARNAU,817
2005,M,ERIC,817
2005,M,ROBERTO,808
2005,M,UNAI,792
2005,M,ENRIQUE,772
2005,M,JORDI,732
2005,M,ASIER,706
2005,M,ADRIA,676
2005,M,MOHAMED,657
2005,M,JOSE LUIS,643
2005,M,JUAN JOSE,642
2005,M,SERGI,625
2005,M,JOSE MARIA,624
2005,M,MARCO,623
2005,M,GERARD,611
2005,M,JAN,577
2005,M,JUAN MANUEL,560
2005,M,ORIOL,553
2005,M,KEVIN,549
2005,M,CHRISTIAN,532
2005,M,YERAY,526
2005,M,JUAN CARLOS,515
2005,M,JUAN ANTONIO,511
2005,M,MATEO,499
2005,M,MARTI,495
2005,M,DARIO,484
2005,M,XAVIER,484
2005,M,GUILLEM,480
2005,M,JOAQUIN,464
2005,M,ISAAC,463
2005,M,ALEIX,456
2005,M,ANDER,436
2005,M,BRUNO,436
2005,M,ADAM,431
2005,M,JON,427
2005,M,MIKEL,425
2005,M,FRANCISCO JOSE,418
2005,M,AIMAR,412
2006,F,LUCIA,9174
2006,F,MARIA,7503
2006,F,PAULA,6322
2006,F,LAURA,4992
2006,F,CLAUDIA,4616
2006,F,IRENE,4412
2006,F,MARTA,4235
2006,F,ALBA,4161
2006,F,SARA,4068
2006,F,CARLA,3487
2006,F,ANDREA,3173
2006,F,NEREA,2849
2006,F,JULIA,2565
2006,F,NATALIA,2522
2006,F,ELENA,2505
2006,F,ANA,2495
2006,F,SOFIA,2475
2006,F,CARMEN,2288
2006,F,DANIELA,2233
2006,F,MARINA,1943
2006,F,CRISTINA,1857
2006,F,AINHOA,1826
2006,F,AITANA,1808
2006,F,ANGELA,1785
2006,F,ROCIO,1779
2006,F,INES,1605
2006,F,ALEJANDRA,1572
2006,F,NURIA,1422
2006,F,ADRIANA,1349
2006,F,SANDRA,1319
2006,F,CANDELA,1314
2006,F,LAIA,1300
2006,F,ARIADNA,1225
2006,F,MARTINA,1185
2006,F,CELIA,1177
2006,F,ALICIA,1134
2006,F,CLARA,1122
2006,F,AINARA,1097
2006,F,EVA,1085
2006,F,NOA,1085
2006,F,NOELIA,1057
2006,F,CARLOTA,1043
2006,F,MIRIAM,1028
2006,F,PATRICIA,1028
2006,F,BLANCA,1025
2006,F,ISABEL,987
2006,F,SILVIA,978
2006,F,RAQUEL,965
2006,F,LORENA,944
2006,F,CAROLINA,861
2006,F,JIMENA,838
2006,F,LIDIA,810
2006,F,AROA,782
2006,F,EMMA,782
2006,F,VALERIA,770
2006,F,HELENA,753
2006,F,VICTORIA,742
2006,F,MAR,731
2006,F,BEATRIZ,720
2006,F,JUDITH,706
2006,F,NAIARA,694
2006,F,MIREIA,657
2006,F,PAOLA,652
2006,F,LOLA,638
2006,F,ANNA,622
2006,F,AINA,620
2006,F,SARAY,613
2006,F,LEIRE,608
2006,F,LARA,603
2006,F,ERIKA,596
2006,F,NORA,590
2006,F,BERTA,589
2006,F,NAYARA,587
2006,F,ANA MARIA,585
2006,F,LUNA,566
2006,F,ESTHER,557
2006,F,ELSA,553
2006,F,GABRIELA,551
2006,F,YAIZA,546
2006,F,ABRIL,544
2006,F,MONICA,522
2006,F,YANIRA,520
2006,F,SALMA,508
2006,F,AFRICA,504
2006,F,DIANA,497
2006,F,TANIA,485
2006,F,IRIA,474
2006,F,SHEILA,459
2006,F,LEYRE,452
2006,F,FATIMA,437
2006,F,TERESA,437
2006,F,AYA,427
2006,F,NADIA,426
2006,F,SONIA,399
2006,F,REBECA,390
2006,F,JANA,386
2006,F,ZAIRA,382
2006,F,JUDIT,381
2006,F,SORAYA,377
2006,F,GEMA,376
2006,M,ALEJANDRO,7306
2006,M,DANIEL,6616
2006,M,PABLO,6261
2006,M,DAVID,5816
2006,M,ADRIAN,4866
2006,M,ALVARO,4458
2006,M,JAVIER,4360
2006,M,SERGIO,3957
2006,M,HUGO,3898
2006,M,DIEGO,3163
2006,M,CARLOS,3146
2006,M,MARCOS,3117
2006,M,MARIO,2984
2006,M,IVAN,2928
2006,M,MANUEL,2858
2006,M,MIGUEL,2783
2006,M,JORGE,2754
2006,M,RUBEN,2456
2006,M,IKER,2420
2006,M,RAUL,2412
2006,M,VICTOR,2385
2006,M,ANTONIO,2268
2006,M,JUAN,2109
2006,M,HECTOR,2092
2006,M,MARC,2078
2006,M,SAMUEL,2011
2006,M,ALEX,1854
2006,M,OSCAR,1756
2006,M,JESUS,1749
2006,M,ALBERTO,1735
2006,M,NICOLAS,1723
2006,M,ANGEL,1666
2006,M,JAIME,1656
2006,M,JOSE,1586
2006,M,FRANCISCO,1528
2006,M,GONZALO,1521
2006,M,GUILLERMO,1508
2006,M,IZAN,1478
2006,M,LUCAS,1477
2006,M,PAU,1448
2006,M,GABRIEL,1395
2006,M,RODRIGO,1320
2006,M,JOEL,1310
2006,M,ISMAEL,1308
2006,M,IGNACIO,1306
2006,M,PEDRO,1303
2006,M,AARON,1226
2006,M,LUIS,1222
2006,M,MIGUEL ANGEL,1143
2006,M,RAFAEL,1119
2006,M,FERNANDO,1045
2006,M,CRISTIAN,1010
2006,M,FRANCISCO JAVIER,996
2006,M,AITOR,985
2006,M,ANDRES,981
2006,M,POL,948
2006,M,JOAN,928
2006,M,MARTIN,918
2006,M,ARNAU,917
2006,M,ERIC,894
2006,M,JOSE ANTONIO,892
2006,M,JOSE MANUEL,862
2006,M,DARIO,826
2006,M,MOHAMED,822
2006,M,UNAI,799
2006,M,SANTIAGO,787
2006,M,ROBERTO,771
2006,M,EDUARDO,768
2006,M,ASIER,752
2006,M,ENRIQUE,730
2006,M,JORDI,728
2006,M,MARCO,691
2006,M,MATEO,687
2006,M,ADAM,663
2006,M,ADRIA,657
2006,M,ORIOL,636
2006,M,MARTI,597
2006,M,JUAN JOSE,588
2006,M,JAN,582
2006,M,GERARD,567
2006,M,SERGI,567
2006,M,KEVIN,560
2006,M,JOSE LUIS,546
2006,M,BIEL,539
2006,M,CHRISTIAN,532
2006,M,JUAN MANUEL,522
2006,M,JOSE MARIA,513
2006,M,GUILLEM,512
2006,M,AIMAR,509
2006,M,ISAAC,507
2006,M,XAVIER,499
2006,M,YERAY,494
2006,M,ERIK,490
2006,M,JUAN ANTONIO,478
2006,M,BRUNO,465
2006,M,SAUL,464
2006,M,JOAQUIN,463
2006,M,ROGER,462
2006,M,JUAN CARLOS,455
2006,M,MIKEL,440
2007,F,LUCIA,8229
2007,F,MARIA,6957
2007,F,PAULA,6447
2007,F,SARA,4617
2007,F,LAURA,4352
2007,F,CLAUDIA,4149
2007,F,IRENE,3968
2007,F,MARTA,3924
2007,F,ALBA,3909
2007,F,CARLA,3652
2007,F,ANDREA,2887
2007,F,JULIA,2646
2007,F,ANA,2621
2007,F,SOFIA,2589
2007,F,NEREA,2576
2007,F,DANIELA,2528
2007,F,NATALIA,2427
2007,F,CARMEN,2399
2007,F,ELENA,2294
2007,F,ROCIO,1879
2007,F,AINHOA,1850
2007,F,AITANA,1804
2007,F,MARINA,1779
2007,F,INES,1754
2007,F,ANGELA,1738
2007,F,CRISTINA,1693
2007,F,MARTINA,1640
2007,F,ALEJANDRA,1622
2007,F,ADRIANA,1556
2007,F,NOA,1544
2007,F,CANDELA,1415
2007,F,NURIA,1320
2007,F,ARIADNA,1258
2007,F,LAIA,1206
2007,F,CELIA,1192
2007,F,AINARA,1165
2007,F,CLARA,1161
2007,F,SANDRA,1144
2007,F,CARLOTA,1143
2007,F,BLANCA,1137
2007,F,ALICIA,1093
2007,F,EVA,1039
2007,F,VALERIA,1025
2007,F,MIRIAM,1020
2007,F,CAROLINA,968
2007,F,EMMA,965
2007,F,ISABEL,960
2007,F,NAIARA,937
2007,F,NOELIA,934
2007,F,RAQUEL,934
2007,F,SILVIA,924
2007,F,JIMENA,909
2007,F,AROA,906
2007,F,LORENA,902
2007,F,PATRICIA,881
2007,F,ERIKA,880
2007,F,VICTORIA,857
2007,F,MAR,771
2007,F,LOLA,758
2007,F,PAOLA,685
2007,F,JANA,669
2007,F,LEIRE,666
2007,F,NAYARA,664
2007,F,NORA,660
2007,F,LIDIA,653
2007,F,AINA,648
2007,F,GABRIELA,647
2007,F,LARA,645
2007,F,HELENA,631
2007,F,JUDITH,615
2007,F,ANNA,613
2007,F,MIREIA,613
2007,F,SHEILA,613
2007,F,BERTA,594
2007,F,SARAY,591
2007,F,ELSA,569
2007,F,LEYRE,568
2007,F,YANIRA,565
2007,F,BEATRIZ,558
2007,F,AFRICA,550
2007,F,LUNA,544
2007,F,ABRIL,526
2007,F,YAIZA,525
2007,F,ANA MARIA,522
2007,F,SALMA,519
2007,F,AYA,516
2007,F,ESTHER,515
2007,F,MONICA,493
2007,F,DIANA,465
2007,F,TERESA,459
2007,F,IRIA,451
2007,F,FATIMA,449
2007,F,NADIA,442
2007,F,UXUE,430
2007,F,NAHIA,418
2007,F,REBECA,412
2007,F,ALEXANDRA,397
2007,F,MANUELA,389
2007,F,ANE,374
2007,F,MARIA DEL CARMEN,370
2007,M,DANIEL,6782
2007,M,ALEJANDRO,6760
2007,M,PABLO,5638
2007,M,DAVID,5526
2007,M,ADRIAN,5075
2007,M,ALVARO,4931
2007,M,HUGO,4353
2007,M,JAVIER,4162
2007,M,DIEGO,3562
2007,M,SERGIO,3547
2007,M,MARCOS,3131
2007,M,JORGE,2957
2007,M,IVAN,2910
2007,M,CARLOS,2856
2007,M,MANUEL,2788
2007,M,MARIO,2746
2007,M,MIGUEL,2580
2007,M,IKER,2528
2007,M,RUBEN,2334
2007,M,ANTONIO,2297
2007,M,RAUL,2250
2007,M,VICTOR,2056
2007,M,JUAN,2027
2007,M,MARC,1975
2007,M,LUCAS,1957
2007,M,ALEX,1874
2007,M,SAMUEL,1853
2007,M,HECTOR,1852
2007,M,NICOLAS,1811
2007,M,JESUS,1696
2007,M,ANGEL,1634
2007,M,GUILLERMO,1633
2007,M,ALBERTO,1580
2007,M,IZAN,1535
2007,M,GONZALO,1513
2007,M,JOSE,1484
2007,M,FRANCISCO,1468
2007,M,JAIME,1449
2007,M,OSCAR,1425
2007,M,PAU,1418
2007,M,GABRIEL,1344
2007,M,RODRIGO,1341
2007,M,ISMAEL,1331
2007,M,AARON,1326
2007,M,LUIS,1234
2007,M,AITOR,1215
2007,M,PEDRO,1193
2007,M,RAFAEL,1092
2007,M,JOEL,1091
2007,M,MIGUEL ANGEL,1088
2007,M,IGNACIO,1067
2007,M,ERIC,1066
2007,M,FERNANDO,1032
2007,M,MOHAMED,978
2007,M,POL,966
2007,M,CRISTIAN,955
2007,M,ANDRES,945
2007,M,MARTIN,942
2007,M,UNAI,917
2007,M,DARIO,916
2007,M,FRANCISCO JAVIER,906
2007,M,ARNAU,891
2007,M,JOAN,887
2007,M,ADAM,870
2007,M,JOSE ANTONIO,853
2007,M,MATEO,842
2007,M,SANTIAGO,818
2007,M,ASIER,817
2007,M,JOSE MANUEL,809
2007,M,EDUARDO,804
2007,M,ROBERTO,731
2007,M,MARCO,725
2007,M,ENRIQUE,715
2007,M,JAN,642
2007,M,JORDI,641
2007,M,MARTI,629
2007,M,ADRIA,594
2007,M,ORIOL,593
2007,M,JUAN JOSE,591
2007,M,JOSE LUIS,581
2007,M,BRUNO,576
2007,M,BIEL,550
2007,M,GERARD,538
2007,M,YERAY,537
2007,M,GUILLEM,529
2007,M,ERIK,511
2007,M,KEVIN,508
2007,M,SERGI,504
2007,M,JOAQUIN,496
2007,M,SAUL,496
2007,M,JOSE MARIA,488
2007,M,JUAN MANUEL,488
2007,M,ALEIX,475
2007,M,CHRISTIAN,472
2007,M,ISAAC,471
2007,M,JUAN ANTONIO,467
2007,M,CESAR,460
2007,M,AIMAR,455
2007,M,XAVIER,445
2007,M,ANDER,443
2008,F,LUCIA,7993
2008,F,MARIA,6845
2008,F,PAULA,6798
2008,F,SARA,4724
2008,F,CARLA,4263
2008,F,CLAUDIA,4079
2008,F,LAURA,4009
2008,F,MARTA,3911
2008,F,IRENE,3747
2008,F,ALBA,3692
2008,F,SOFIA,3246
2008,F,DANIELA,2952
2008,F,JULIA,2839
2008,F,ANDREA,2603
2008,F,ANA,2499
2008,F,CARMEN,2443
2008,F,ELENA,2353
2008,F,NEREA,2310
2008,F,NATALIA,2162
2008,F,MARTINA,2120
2008,F,ROCIO,1933
2008,F,MARINA,1925
2008,F,AITANA,1819
2008,F,ALEJANDRA,1776
2008,F,NOA,1759
2008,F,INES,1757
2008,F,AINHOA,1749
2008,F,ANGELA,1721
2008,F,ADRIANA,1678
2008,F,CRISTINA,1462
2008,F,CELIA,1396
2008,F,CANDELA,1364
2008,F,LAIA,1338
2008,F,NURIA,1301
2008,F,AINARA,1289
2008,F,ARIADNA,1287
2008,F,CARLOTA,1269
2008,F,EMMA,1250
2008,F,ALICIA,1233
2008,F,BLANCA,1209
2008,F,VALERIA,1172
2008,F,CLARA,1079
2008,F,EVA,1071
2008,F,MIRIAM,1069
2008,F,NOELIA,1041
2008,F,SANDRA,1028
2008,F,AROA,1024
2008,F,LEIRE,1019
2008,F,PATRICIA,1016
2008,F,CAROLINA,1011
2008,F,JIMENA,963
2008,F,ERIKA,954
2008,F,VICTORIA,951
2008,F,LOLA,943
2008,F,ISABEL,937
2008,F,SILVIA,883
2008,F,NAIARA,873
2008,F,RAQUEL,853
2008,F,NORA,843
2008,F,LORENA,790
2008,F,NAYARA,756
2008,F,PAOLA,721
2008,F,AINA,699
2008,F,LEYRE,692
2008,F,AFRICA,671
2008,F,LARA,667
2008,F,JANA,666
2008,F,MIREIA,660
2008,F,SALMA,657
2008,F,ANNA,651
2008,F,MAR,641
2008,F,BERTA,638
2008,F,GABRIELA,637
2008,F,ABRIL,630
2008,F,ELSA,623
2008,F,HELENA,607
2008,F,LIDIA,604
2008,F,AYA,592
2008,F,ANA MARIA,569
2008,F,SHEILA,560
2008,F,BEATRIZ,555
2008,F,JUDITH,545
2008,F,FATIMA,540
2008,F,YAIZA,535
2008,F,ESTHER,524
2008,F,DIANA,516
2008,F,LUNA,510
2008,F,TERESA,476
2008,F,MONICA,474
2008,F,IRIA,470
2008,F,SARAY,467
2008,F,NADIA,463
2008,F,SONIA,458
2008,F,ALEXIA,441
2008,F,NAHIA,436
2008,F,MANUELA,430
2008,F,NOEMI,427
2008,F,NAIA,419
2008,F,ESTELA,417
2008,F,ANE,394
2008,M,DANIEL,6573
2008,M,ALEJANDRO,6467
2008,M,PABLO,5907
2008,M,DAVID,5383
2008,M,ADRIAN,5326
2008,M,HUGO,5168
2008,M,ALVARO,5039
2008,M,JAVIER,4091
2008,M,DIEGO,3512
2008,M,SERGIO,3406
2008,M,MARCOS,3189
2008,M,IVAN,3154
2008,M,IKER,3093
2008,M,MANUEL,2910
2008,M,MARIO,2861
2008,M,JORGE,2829
2008,M,CARLOS,2822
2008,M,MIGUEL,2684
2008,M,RUBEN,2438
2008,M,ANTONIO,2310
2008,M,RAUL,2253
2008,M,LUCAS,2181
2008,M,NICOLAS,2064
2008,M,JUAN,2052
2008,M,MARC,2021
2008,M,VICTOR,2004
2008,M,AITOR,1909
2008,M,ANGEL,1889
2008,M,ALEX,1887
2008,M,HECTOR,1867
2008,M,SAMUEL,1826
2008,M,RODRIGO,1795
2008,M,IZAN,1737
2008,M,GUILLERMO,1695
2008,M,JESUS,1695
2008,M,GONZALO,1633
2008,M,ALBERTO,1557
2008,M,JOSE,1522
2008,M,FRANCISCO,1510
2008,M,AARON,1503
2008,M,GABRIEL,1445
2008,M,OSCAR,1427
2008,M,JAIME,1408
2008,M,PAU,1340
2008,M,LUIS,1309
2008,M,PEDRO,1257
2008,M,ADAM,1225
2008,M,ISMAEL,1214
2008,M,RAFAEL,1176
2008,M,MIGUEL ANGEL,1132
2008,M,MOHAMED,1118
2008,M,JOEL,1102
2008,M,MARTIN,1089
2008,M,FERNANDO,1058
2008,M,IGNACIO,1058
2008,M,ERIC,1031
2008,M,DARIO,1009
2008,M,ANDRES,974
2008,M,UNAI,968
2008,M,POL,959
2008,M,MATEO,958
2008,M,CRISTIAN,913
2008,M,ARNAU,908
2008,M,FRANCISCO JAVIER,891
2008,M,ASIER,845
2008,M,JOSE ANTONIO,842
2008,M,JOSE MANUEL,832
2008,M,JOAN,825
2008,M,ENRIQUE,822
2008,M,MARCO,802
2008,M,SANTIAGO,796
2008,M,BRUNO,790
2008,M,EDUARDO,762
2008,M,JAN,749
2008,M,ROBERTO,718
2008,M,JORDI,664
2008,M,BIEL,662
2008,M,MARTI,640
2008,M,JUAN JOSE,631
2008,M,ADRIA,601
2008,M,ORIOL,587
2008,M,SAUL,585
2008,M,ISAAC,565
2008,M,CHRISTIAN,545
2008,M,JOSE LUIS,535
2008,M,KEVIN,525
2008,M,ERIK,521
2008,M,JUAN MANUEL,517
2008,M,YERAY,510
2008,M,GUILLEM,502
2008,M,GERARD,495
2008,M,SERGI,485
2008,M,ALEIX,484
2008,M,ENEKO,476
2008,M,CESAR,472
2008,M,AIMAR,464
2008,M,JUAN ANTONIO,464
2008,M,ROGER,458
2008,M,JOAQUIN,448
2008,M,JOSE MARIA,445
2009,F,LUCIA,6895
2009,F,PAULA,6577
2009,F,MARIA,6147
2009,F,SARA,4439
2009,F,DANIELA,4301
2009,F,CARLA,3994
2009,F,CLAUDIA,3735
2009,F,MARTA,3608
2009,F,IRENE,3563
2009,F,SOFIA,3466
2009,F,ALBA,3393
2009,F,LAURA,3279
2009,F,JULIA,2719
2009,F,CARMEN,2441
2009,F,MARTINA,2361
2009,F,ANA,2286
2009,F,AITANA,2166
2009,F,ELENA,2143
2009,F,ANDREA,2121
2009,F,ADRIANA,2064
2009,F,AINHOA,2039
2009,F,NEREA,2028
2009,F,NATALIA,1795
2009,F,NOA,1749
2009,F,ALEJANDRA,1699
2009,F,ARIADNA,1680
2009,F,ROCIO,1650
2009,F,INES,1628
2009,F,ANGELA,1613
2009,F,MARINA,1588
2009,F,LEIRE,1515
2009,F,LAIA,1383
2009,F,CRISTINA,1286
2009,F,AINARA,1284
2009,F,CARLOTA,1271
2009,F,CELIA,1271
2009,F,CANDELA,1253
2009,F,VALERIA,1200
2009,F,BLANCA,1195
2009,F,EMMA,1180
2009,F,CLARA,1130
2009,F,NURIA,1127
2009,F,ALICIA,1119
2009,F,LOLA,1039
2009,F,JIMENA,996
2009,F,EVA,988
2009,F,VICTORIA,967
2009,F,LEYRE,949
2009,F,MIRIAM,949
2009,F,AROA,945
2009,F,NAIARA,936
2009,F,CAROLINA,932
2009,F,NOELIA,881
2009,F,NORA,856
2009,F,SANDRA,825
2009,F,ISABEL,824
2009,F,SILVIA,804
2009,F,PATRICIA,800
2009,F,RAQUEL,755
2009,F,ERIKA,720
2009,F,AYA,719
2009,F,NAYARA,689
2009,F,MAR,675
2009,F,GABRIELA,666
2009,F,LARA,650
2009,F,AINA,647
2009,F,ELSA,637
2009,F,LORENA,614
2009,F,MIREIA,597
2009,F,ABRIL,594
2009,F,BERTA,591
2009,F,AFRICA,574
2009,F,SALMA,570
2009,F,PAOLA,567
2009,F,JANA,561
2009,F,LIDIA,559
2009,F,ANNA,529
2009,F,BEATRIZ,522
2009,F,MALAK,511
2009,F,DIANA,502
2009,F,GISELA,496
2009,F,HELENA,489
2009,F,FATIMA,471
2009,F,IRIA,467
2009,F,YAIZA,465
2009,F,LUNA,451
2009,F,NAIA,443
2009,F,NADIA,438
2009,F,SHEILA,424
2009,F,JUDITH,420
2009,F,MANUELA,420
2009,F,SARAY,420
2009,F,IRIS,415
2009,F,ANA MARIA,414
2009,F,MONICA,409
2009,F,VALENTINA,408
2009,F,MARA,407
2009,F,ESTHER,401
2009,F,NAHIA,394
2009,F,ALEXANDRA,373
2009,M,DANIEL,6262
2009,M,ALEJANDRO,5940
2009,M,PABLO,5722
2009,M,HUGO,5225
2009,M,ALVARO,4863
2009,M,ADRIAN,4828
2009,M,DAVID,4710
2009,M,JAVIER,3640
2009,M,SERGIO,3291
2009,M,DIEGO,3234
2009,M,IVAN,3065
2009,M,MARIO,2942
2009,M,MARCOS,2921
2009,M,IKER,2870
2009,M,MANUEL,2747
2009,M,CARLOS,2612
2009,M,JORGE,2593
2009,M,MIGUEL,2490
2009,M,SAMUEL,2379
2009,M,LUCAS,2298
2009,M,RUBEN,2088
2009,M,ANTONIO,2075
2009,M,NICOLAS,2033
2009,M,AITOR,1965
2009,M,MARC,1960
2009,M,VICTOR,1918
2009,M,JUAN,1884
2009,M,RAUL,1884
2009,M,HECTOR,1874
2009,M,ALEX,1826
2009,M,ANGEL,1822
2009,M,IZAN,1813
2009,M,GONZALO,1719
2009,M,RODRIGO,1549
2009,M,GUILLERMO,1496
2009,M,JESUS,1477
2009,M,GABRIEL,1411
2009,M,JOSE,1361
2009,M,ALBERTO,1340
2009,M,FRANCISCO,1340
2009,M,ADAM,1328
2009,M,PAU,1319
2009,M,AARON,1301
2009,M,MATEO,1292
2009,M,JAIME,1278
2009,M,MARTIN,1266
2009,M,PEDRO,1266
2009,M,OSCAR,1229
2009,M,LUIS,1195
2009,M,ISMAEL,1157
2009,M,RAFAEL,1141
2009,M,MOHAMED,1111
2009,M,ERIC,1094
2009,M,UNAI,1040
2009,M,DARIO,969
2009,M,FERNANDO,968
2009,M,IGNACIO,953
2009,M,POL,940
2009,M,BRUNO,927
2009,M,JOEL,921
2009,M,MIGUEL ANGEL,911
2009,M,CRISTIAN,908
2009,M,ARNAU,879
2009,M,ANDRES,865
2009,M,ASIER,848
2009,M,MARCO,814
2009,M,JOAN,808
2009,M,ERIK,798
2009,M,FRANCISCO JAVIER,758
2009,M,SANTIAGO,755
2009,M,JOSE MANUEL,745
2009,M,RAYAN,722
2009,M,ENRIQUE,705
2009,M,JOSE ANTONIO,683
2009,M,BIEL,682
2009,M,MARTI,678
2009,M,SAUL,645
2009,M,EDUARDO,644
2009,M,ISAAC,632
2009,M,JAN,627
2009,M,JORDI,627
2009,M,ROBERTO,623
2009,M,ADRIA,584
2009,M,ORIOL,565
2009,M,GERARD,551
2009,M,JUAN JOSE,505
2009,M,GUILLEM,503
2009,M,OMAR,496
2009,M,CHRISTIAN,492
2009,M,LEO,480
2009,M,JUAN MANUEL,476
2009,M,ALEIX,468
2009,M,CESAR,467
2009,M,ROGER,461
2009,M,YERAY,461
2009,M,JOSE LUIS,459
2009,M,SERGI,447
2009,M,JOSE MARIA,446
2009,M,MIKEL,445
2009,M,KEVIN,443
2010,F,LUCIA,6640
2010,F,PAULA,5878
2010,F,MARIA,5790
2010,F,DANIELA,4694
2010,F,SARA,4675
2010,F,CARLA,3723
2010,F,CLAUDIA,3644
2010,F,SOFIA,3542
2010,F,ALBA,3453
2010,F,IRENE,3322
2010,F,MARTA,3209
2010,F,LAURA,3164
2010,F,JULIA,3000
2010,F,MARTINA,2886
2010,F,CARMEN,2394
2010,F,ADRIANA,2351
2010,F,AITANA,2200
2010,F,ELENA,2178
2010,F,ANA,2149
2010,F,NOA,2034
2010,F,NEREA,1918
2010,F,ALEJANDRA,1817
2010,F,AINHOA,1788
2010,F,ANDREA,1739
2010,F,NATALIA,1664
2010,F,INES,1655
2010,F,MARINA,1549
2010,F,ARIADNA,1530
2010,F,ROCIO,1502
2010,F,ANGELA,1478
2010,F,LEIRE,1381
2010,F,VALERIA,1346
2010,F,AINARA,1301
2010,F,LAIA,1300
2010,F,EMMA,1262
2010,F,CELIA,1238
2010,F,CANDELA,1223
2010,F,BLANCA,1217
2010,F,CARLOTA,1214
2010,F,LOLA,1165
2010,F,JIMENA,1151
2010,F,ALICIA,1150
2010,F,CRISTINA,1144
2010,F,NORA,1080
2010,F,NURIA,1022
2010,F,CLARA,1009
2010,F,AROA,971
2010,F,EVA,969
2010,F,CAROLINA,922
2010,F,VICTORIA,911
2010,F,LEYRE,907
2010,F,NOELIA,835
2010,F,ISABEL,803
2010,F,MIRIAM,794
2010,F,NAIARA,792
2010,F,SANDRA,740
2010,F,AINA,735
2010,F,AYA,699
2010,F,LARA,687
2010,F,PATRICIA,683
2010,F,SILVIA,673
2010,F,ERIKA,672
2010,F,MALAK,672
2010,F,GABRIELA,669
2010,F,AFRICA,656
2010,F,NAYARA,643
2010,F,MAR,619
2010,F,ABRIL,618
2010,F,BERTA,608
2010,F,ELSA,586
2010,F,RAQUEL,569
2010,F,HELENA,565
2010,F,PAOLA,564
2010,F,MIREIA,536
2010,F,SALMA,535
2010,F,OLIVIA,515
2010,F,VEGA,506
2010,F,LIDIA,503
2010,F,NAIA,500
2010,F,ALMA,494
2010,F,IRIA,489
2010,F,LORENA,485
2010,F,ANNA,483
2010,F,DIANA,464
2010,F,JANA,461
2010,F,LUNA,461
2010,F,FATIMA,458
2010,F,BEATRIZ,452
2010,F,SARAY,447
2010,F,YAIZA,442
2010,F,MANUELA,418
2010,F,VALENTINA,417
2010,F,MARA,412
2010,F,ALEXIA,405
2010,F,ESTHER,400
2010,F,NADIA,389
2010,F,ALEXANDRA,387
2010,F,ANA MARIA,386
2010,F,IRIS,386
2010,F,ANE,380
2010,M,DANIEL,6034
2010,M,ALEJANDRO,6032
2010,M,PABLO,5255
2010,M,HUGO,5140
2010,M,ALVARO,4641
2010,M,ADRIAN,4541
2010,M,DAVID,4435
2010,M,JAVIER,3463
2010,M,DIEGO,3435
2010,M,MARIO,2920
2010,M,MARCOS,2910
2010,M,SERGIO,2847
2010,M,IKER,2804
2010,M,IVAN,2653
2010,M,MANUEL,2537
2010,M,JORGE,2416
2010,M,AITOR,2374
2010,M,MIGUEL,2326
2010,M,CARLOS,2307
2010,M,SAMUEL,2280
2010,M,LUCAS,2275
2010,M,NICOLAS,2105
2010,M,RUBEN,1963
2010,M,MARC,1949
2010,M,IZAN,1937
2010,M,ANTONIO,1925
2010,M,GONZALO,1913
2010,M,ALEX,1851
2010,M,JUAN,1807
2010,M,VICTOR,1804
2010,M,HECTOR,1792
2010,M,RAUL,1773
2010,M,ANGEL,1772
2010,M,MATEO,1508
2010,M,GABRIEL,1504
2010,M,MARTIN,1477
2010,M,GUILLERMO,1443
2010,M,RODRIGO,1422
2010,M,JESUS,1420
2010,M,AARON,1410
2010,M,ADAM,1379
2010,M,ALBERTO,1334
2010,M,JOSE,1304
2010,M,PAU,1265
2010,M,JAIME,1257
2010,M,PEDRO,1235
2010,M,FRANCISCO,1210
2010,M,DARIO,1207
2010,M,ERIC,1198
2010,M,OSCAR,1139
2010,M,UNAI,1096
2010,M,LUIS,1095
2010,M,MOHAMED,1083
2010,M,ISMAEL,1072
2010,M,RAFAEL,1059
2010,M,BRUNO,975
2010,M,FERNANDO,927
2010,M,JOEL,912
2010,M,POL,898
2010,M,IGNACIO,893
2010,M,ANDRES,877
2010,M,ASIER,853
2010,M,CRISTIAN,851
2010,M,ARNAU,833
2010,M,RAYAN,823
2010,M,MIGUEL ANGEL,806
2010,M,MARCO,799
2010,M,ERIK,770
2010,M,JOAN,763
2010,M,SANTIAGO,748
2010,M,BIEL,708
2010,M,JOSE ANTONIO,707
2010,M,MARTI,704
2010,M,GERARD,674
2010,M,ENRIQUE,658
2010,M,JOSE MANUEL,657
2010,M,JAN,648
2010,M,EDUARDO,641
2010,M,FRANCISCO JAVIER,640
2010,M,LEO,617
2010,M,ROBERTO,607
2010,M,JORDI,591
2010,M,ISAAC,587
2010,M,ALONSO,585
2010,M,SAUL,561
2010,M,OLIVER,551
2010,M,OMAR,530
2010,M,ORIOL,520
2010,M,ADRIA,497
2010,M,ALEIX,482
2010,M,GUILLEM,474
2010,M,IAN,467
2010,M,YERAY,461
2010,M,CESAR,460
2010,M,MIKEL,458
2010,M,JUAN JOSE,444
2010,M,JON,436
2010,M,NIL,424
2010,M,ARTURO,421
2010,M,JOAQUIN,421
2011,F,LUCIA,6175
2011,F,PAULA,5480
2011,F,MARIA,5348
2011,F,SARA,4380
2011,F,DANIELA,4284
2011,F,CARLA,3952
2011,F,SOFIA,3467
2011,F,ALBA,3349
2011,F,CLAUDIA,3335
2011,F,MARTINA,3332
2011,F,JULIA,3114
2011,F,MARTA,2994
2011,F,IRENE,2930
2011,F,LAURA,2757
2011,F,VALERIA,2577
2011,F,CARMEN,2492
2011,F,ADRIANA,2454
2011,F,ELENA,2272
2011,F,NOA,2144
2011,F,ANA,2075
2011,F,AINHOA,1992
2011,F,NEREA,1953
2011,F,AITANA,1933
2011,F,ALEJANDRA,1845
2011,F,INES,1660
2011,F,MARINA,1615
2011,F,EMMA,1576
2011,F,NATALIA,1570
2011,F,ANDREA,1528
2011,F,ROCIO,1447
2011,F,ARIADNA,1427
2011,F,LAIA,1424
2011,F,ANGELA,1334
2011,F,AINARA,1326
2011,F,CARLOTA,1289
2011,F,JIMENA,1275
2011,F,LOLA,1264
2011,F,CANDELA,1257
2011,F,ALICIA,1215
2011,F,CELIA,1194
2011,F,BLANCA,1149
2011,F,LEIRE,1084
2011,F,CRISTINA,1038
2011,F,CLARA,1017
2011,F,NORA,1014
2011,F,NURIA,914
2011,F,AROA,910
2011,F,EVA,907
2011,F,VICTORIA,862
2011,F,CAROLINA,806
2011,F,ISABEL,775
2011,F,NOELIA,726
2011,F,AINA,714
2011,F,NAIARA,705
2011,F,MAR,686
2011,F,OLIVIA,685
2011,F,ELSA,682
2011,F,LEYRE,665
2011,F,ABRIL,663
2011,F,MIRIAM,650
2011,F,ALMA,637
2011,F,VEGA,634
2011,F,ERIKA,629
2011,F,SILVIA,627
2011,F,GABRIELA,618
2011,F,LARA,611
2011,F,SANDRA,610
2011,F,AFRICA,600
2011,F,HELENA,581
2011,F,AYA,578
2011,F,BERTA,566
2011,F,PATRICIA,553
2011,F,MIREIA,543
2011,F,VALENTINA,521
2011,F,NAYARA,515
2011,F,SALMA,512
2011,F,NAIA,509
2011,F,RAQUEL,508
2011,F,PAOLA,504
2011,F,IRIA,485
2011,F,VERA,478
2011,F,ANNA,474
2011,F,ALEXIA,473
2011,F,MANUELA,464
2011,F,MALAK,463
2011,F,JANA,440
2011,F,NAHIA,438
2011,F,DIANA,437
2011,F,ANE,432
2011,F,LIDIA,423
2011,F,MARA,423
2011,F,TERESA,408
2011,F,YAIZA,402
2011,F,FATIMA,401
2011,F,ZOE,401
2011,F,BEATRIZ,392
2011,F,NADIA,392
2011,F,LUNA,389
2011,F,ONA,387
2011,F,IRIS,384
2011,M,DANIEL,5881
2011,M,ALEJANDRO,5855
2011,M,PABLO,5014
2011,M,HUGO,4898
2011,M,ALVARO,4407
2011,M,ADRIAN,4277
2011,M,DAVID,4190
2011,M,DIEGO,3383
2011,M,JAVIER,3347
2011,M,MARIO,3065
2011,M,SERGIO,2780
2011,M,MARCOS,2746
2011,M,MANUEL,2569
2011,M,IKER,2554
2011,M,NICOLAS,2453
2011,M,JORGE,2349
2011,M,IVAN,2292
2011,M,CARLOS,2250
2011,M,MIGUEL,2150
2011,M,LUCAS,2133
2011,M,RUBEN,2078
2011,M,AITOR,2018
2011,M,MARC,1948
2011,M,ANTONIO,1896
2011,M,GONZALO,1847
2011,M,IZAN,1818
2011,M,SAMUEL,1804
2011,M,ALEX,1790
2011,M,JUAN,1737
2011,M,HECTOR,1693
2011,M,ANGEL,1688
2011,M,VICTOR,1678
2011,M,MARTIN,1648
2011,M,MATEO,1614
2011,M,RAUL,1610
2011,M,GUILLERMO,1453
2011,M,ERIC,1437
2011,M,GABRIEL,1413
2011,M,RODRIGO,1393
2011,M,DARIO,1386
2011,M,AARON,1354
2011,M,ADAM,1334
2011,M,JESUS,1298
2011,M,JOSE,1257
2011,M,PEDRO,1237
2011,M,ALBERTO,1225
2011,M,FRANCISCO,1216
2011,M,JAIME,1216
2011,M,UNAI,1168
2011,M,PAU,1167
2011,M,LEO,1104
2011,M,BRUNO,1069
2011,M,LUIS,1019
2011,M,OSCAR,1016
2011,M,JOEL,965
2011,M,MARCO,954
2011,M,RAFAEL,944
2011,M,MOHAMED,943
2011,M,ISMAEL,924
2011,M,ANDRES,905
2011,M,FERNANDO,849
2011,M,IGNACIO,843
2011,M,ARNAU,802
2011,M,ASIER,802
2011,M,POL,784
2011,M,GERARD,780
2011,M,MIGUEL ANGEL,760
2011,M,ERIK,750
2011,M,CRISTIAN,741
2011,M,OLIVER,728
2011,M,RAYAN,719
2011,M,SANTIAGO,700
2011,M,BIEL,697
2011,M,ALONSO,685
2011,M,JOAN,684
2011,M,MARTI,684
2011,M,JAN,630
2011,M,ENRIQUE,615
2011,M,EDUARDO,611
2011,M,FRANCISCO JAVIER,597
2011,M,ISAAC,587
2011,M,JOSE ANTONIO,587
2011,M,ORIOL,576
2011,M,ALEIX,553
2011,M,ROBERTO,553
2011,M,SAUL,538
2011,M,JOSE MANUEL,535
2011,M,NIL,528
2011,M,ADRIA,517
2011,M,YAGO,514
2011,M,JORDI,500
2011,M,IAN,484
2011,M,JON,452
2011,M,OMAR,450
2011,M,GUILLEM,445
2011,M,CESAR,444
2011,M,YERAY,444
2011,M,GAEL,442
2011,M,ANDER,431
2011,M,JUAN JOSE,420
2012,F,LUCIA,5576
2012,F,MARIA,5161
2012,F,PAULA,4724
2012,F,DANIELA,4144
2012,F,SARA,3925
2012,F,CARLA,3645
2012,F,MARTINA,3521
2012,F,SOFIA,3385
2012,F,JULIA,3378
2012,F,ALBA,3210
2012,F,VALERIA,3174
2012,F,CLAUDIA,3141
2012,F,IRENE,2703
2012,F,MARTA,2582
2012,F,LAURA,2476
2012,F,NOA,2410
2012,F,CARMEN,2377
2012,F,ADRIANA,2105
2012,F,AINHOA,2094
2012,F,ELENA,2054
2012,F,ANA,1977
2012,F,AITANA,1870
2012,F,EMMA,1848
2012,F,ALEJANDRA,1829
2012,F,NEREA,1689
2012,F,MARINA,1572
2012,F,ARIADNA,1533
2012,F,INES,1495
2012,F,LAIA,1456
2012,F,ANDREA,1406
2012,F,ROCIO,1383
2012,F,AINARA,1333
2012,F,ANGELA,1327
2012,F,CARLOTA,1297
2012,F,JIMENA,1247
2012,F,LOLA,1239
2012,F,CANDELA,1228
2012,F,VALENTINA,1191
2012,F,NATALIA,1170
2012,F,CELIA,1149
2012,F,ALICIA,1145
2012,F,LEIRE,1127
2012,F,BLANCA,1102
2012,F,NORA,1081
2012,F,EVA,1016
2012,F,CLARA,994
2012,F,CRISTINA,923
2012,F,VICTORIA,884
2012,F,LEYRE,834
2012,F,AROA,833
2012,F,OLIVIA,832
2012,F,VEGA,828
2012,F,NURIA,791
2012,F,CAROLINA,774
2012,F,ISABEL,727
2012,F,AINA,722
2012,F,NOELIA,714
2012,F,ALMA,708
2012,F,LARA,684
2012,F,ABRIL,673
2012,F,VERA,643
2012,F,ELSA,638
2012,F,MAR,623
2012,F,MIRIAM,623
2012,F,GABRIELA,615
2012,F,NAIARA,586
2012,F,SILVIA,579
2012,F,BERTA,571
2012,F,HELENA,544
2012,F,SANDRA,528
2012,F,AYA,525
2012,F,ERIKA,521
2012,F,MANUELA,505
2012,F,IRIA,501
2012,F,AFRICA,497
2012,F,NAIA,497
2012,F,RAQUEL,481
2012,F,MIREIA,479
2012,F,MARA,476
2012,F,ALEXIA,473
2012,F,PAOLA,473
2012,F,ANNA,465
2012,F,NAYARA,463
2012,F,ZOE,463
2012,F,PATRICIA,453
2012,F,NAHIA,440
2012,F,SALMA,439
2012,F,MALAK,438
2012,F,DIANA,425
2012,F,JANA,421
2012,F,NADIA,409
2012,F,ANE,404
2012,F,IRIS,401
2012,F,CHLOE,388
2012,F,LIDIA,380
2012,F,ARLET,371
2012,F,JUDITH,363
2012,F,IRATI,358
2012,F,ONA,357
2012,F,LUNA,353
2012,M,DANIEL,5487
2012,M,HUGO,5366
2012,M,ALEJANDRO,5061
2012,M,PABLO,4959
2012,M,ALVARO,4482
2012,M,ADRIAN,4168
2012,M,DAVID,3814
2012,M,DIEGO,3154
2012,M,MARIO,3143
2012,M,JAVIER,2956
2012,M,MARCOS,2547
2012,M,MANUEL,2541
2012,M,SERGIO,2490
2012,M,NICOLAS,2448
2012,M,IKER,2393
2012,M,LUCAS,2350
2012,M,IVAN,2135
2012,M,CARLOS,2120
2012,M,MIGUEL,2066
2012,M,JORGE,2020
2012,M,MARTIN,1949
2012,M,MARC,1943
2012,M,ALEX,1830
2012,M,IZAN,1802
2012,M,MATEO,1780
2012,M,GONZALO,1770
2012,M,ANTONIO,1745
2012,M,RUBEN,1728
2012,M,JUAN,1727
2012,M,LEO,1723
2012,M,ANGEL,1651
2012,M,VICTOR,1629
2012,M,SAMUEL,1614
2012,M,AITOR,1558
2012,M,RAUL,1486
2012,M,HECTOR,1425
2012,M,ERIC,1398
2012,M,GABRIEL,1379
2012,M,GUILLERMO,1347
2012,M,RODRIGO,1312
2012,M,ADAM,1282
2012,M,JESUS,1238
2012,M,DARIO,1216
2012,M,JOSE,1216
2012,M,JAIME,1133
2012,M,AARON,1128
2012,M,JOEL,1100
2012,M,ALBERTO,1095
2012,M,PEDRO,1087
2012,M,BRUNO,1086
2012,M,FRANCISCO,1079
2012,M,MARCO,1075
2012,M,PAU,1059
2012,M,LUIS,1045
2012,M,UNAI,1022
2012,M,OSCAR,906
2012,M,RAFAEL,906
2012,M,FERNANDO,862
2012,M,ISMAEL,846
2012,M,MOHAMED,846
2012,M,ERIK,831
2012,M,ASIER,808
2012,M,ANDRES,798
2012,M,GERARD,770
2012,M,IGNACIO,749
2012,M,ALONSO,738
2012,M,POL,731
2012,M,ARNAU,727
2012,M,OLIVER,695
2012,M,BIEL,694
2012,M,CRISTIAN,692
2012,M,RAYAN,691
2012,M,JOAN,654
2012,M,SANTIAGO,635
2012,M,MARTI,632
2012,M,JAN,627
2012,M,MIGUEL ANGEL,614
2012,M,NIL,563
2012,M,ISAAC,558
2012,M,JOSE ANTONIO,553
2012,M,ORIOL,552
2012,M,ROBERTO,536
2012,M,ALEIX,535
2012,M,ENRIQUE,531
2012,M,EDUARDO,520
2012,M,IAN,516
2012,M,ANDER,510
2012,M,JOSE MANUEL,506
2012,M,JORDI,500
2012,M,SAUL,479
2012,M,YAGO,475
2012,M,FRANCISCO JAVIER,474
2012,M,CESAR,472
2012,M,ADRIA,461
2012,M,OMAR,458
2012,M,GAEL,450
2012,M,YERAY,447
2012,M,JON,435
2012,M,MIKEL,433
2012,M,ENZO,423
2013,F,LUCIA,5221
2013,F,MARIA,4943
2013,F,PAULA,4363
2013,F,DANIELA,3821
2013,F,MARTINA,3619
2013,F,CARLA,3435
2013,F,SARA,3329
2013,F,SOFIA,3313
2013,F,VALERIA,3219
2013,F,JULIA,3215
2013,F,ALBA,3064
2013,F,CLAUDIA,2655
2013,F,NOA,2627
2013,F,MARTA,2220
2013,F,EMMA,2105
2013,F,IRENE,2102
2013,F,CARMEN,2084
2013,F,LAURA,2009
2013,F,ANA,1835
2013,F,AINHOA,1818
2013,F,ELENA,1782
2013,F,ADRIANA,1743
2013,F,VALENTINA,1690
2013,F,ALEJANDRA,1568
2013,F,INES,1549
2013,F,AITANA,1543
2013,F,ARIADNA,1495
2013,F,LEIRE,1319
2013,F,AINARA,1318
2013,F,LAIA,1304
2013,F,NEREA,1293
2013,F,MARINA,1272
2013,F,ANDREA,1253
2013,F,CARLOTA,1223
2013,F,LOLA,1196
2013,F,JIMENA,1187
2013,F,ANGELA,1182
2013,F,CANDELA,1175
2013,F,ROCIO,1158
2013,F,BLANCA,1143
2013,F,VERA,1128
2013,F,NORA,1100
2013,F,ALICIA,1078
2013,F,CELIA,1041
2013,F,VEGA,1007
2013,F,NATALIA,1004
2013,F,CLARA,986
2013,F,LEYRE,952
2013,F,VICTORIA,867
2013,F,EVA,861
2013,F,OLIVIA,818
2013,F,ISABEL,774
2013,F,CRISTINA,741
2013,F,AINA,723
2013,F,AROA,693
2013,F,NURIA,667
2013,F,LARA,656
2013,F,ALMA,649
2013,F,ABRIL,641
2013,F,CAROLINA,638
2013,F,ELSA,588
2013,F,MAR,579
2013,F,MARA,563
2013,F,GABRIELA,539
2013,F,MANUELA,537
2013,F,ZOE,530
2013,F,AFRICA,521
2013,F,NOELIA,521
2013,F,IRIA,511
2013,F,BERTA,505
2013,F,ALEXIA,502
2013,F,ERIKA,495
2013,F,HELENA,492
2013,F,MIRIAM,492
2013,F,NAIARA,492
2013,F,SILVIA,482
2013,F,AYA,457
2013,F,SALMA,453
2013,F,NAIA,447
2013,F,NAYARA,446
2013,F,CHLOE,442
2013,F,MIREIA,438
2013,F,PAOLA,429
2013,F,ONA,426
2013,F,SANDRA,421
2013,F,MALAK,407
2013,F,RAQUEL,400
2013,F,NAHIA,398
2013,F,ANE,397
2013,F,JANA,392
2013,F,DIANA,384
2013,F,PATRICIA,382
2013,F,MIA,373
2013,F,ANNA,372
2013,F,IRIS,365
2013,F,YANIRA,361
2013,F,LUNA,359
2013,F,ARLET,351
2013,F,NADIA,345
2013,F,LIDIA,342
2013,M,HUGO,5376
2013,M,DANIEL,4928
2013,M,PABLO,4659
2013,M,ALEJANDRO,4352
2013,M,ALVARO,3977
2013,M,ADRIAN,3584
2013,M,DAVID,3242
2013,M,MARIO,2848
2013,M,DIEGO,2832
2013,M,JAVIER,2589
2013,M,LUCAS,2562
2013,M,NICOLAS,2409
2013,M,MANUEL,2405
2013,M,MARCOS,2273
2013,M,IKER,2083
2013,M,SERGIO,2039
2013,M,IZAN,1977
2013,M,JORGE,1947
2013,M,CARLOS,1940
2013,M,MARTIN,1908
2013,M,LEO,1882
2013,M,MIGUEL,1852
2013,M,MARC,1787
2013,M,MATEO,1769
2013,M,ALEX,1742
2013,M,GONZALO,1673
2013,M,ANTONIO,1635
2013,M,IVAN,1600
2013,M,JUAN,1581
2013,M,ANGEL,1502
2013,M,RUBEN,1466
2013,M,VICTOR,1436
2013,M,HECTOR,1402
2013,M,SAMUEL,1393
2013,M,AITOR,1313
2013,M,ERIC,1274
2013,M,GABRIEL,1258
2013,M,JOEL,1225
2013,M,RAUL,1218
2013,M,RODRIGO,1208
2013,M,JOSE,1202
2013,M,ADAM,1193
2013,M,GUILLERMO,1154
2013,M,DARIO,1138
2013,M,JESUS,1106
2013,M,ERIK,1075
2013,M,MARCO,1069
2013,M,BRUNO,1067
2013,M,FRANCISCO,1060
2013,M,AARON,1022
2013,M,PAU,995
2013,M,PEDRO,994
2013,M,ALBERTO,954
2013,M,JAIME,940
2013,M,ENZO,928
2013,M,LUIS,891
2013,M,OLIVER,859
2013,M,ASIER,852
2013,M,RAFAEL,823
2013,M,UNAI,819
2013,M,POL,791
2013,M,MOHAMED,776
2013,M,OSCAR,767
2013,M,ANDRES,754
2013,M,BIEL,742
2013,M,ISMAEL,717
2013,M,FERNANDO,700
2013,M,ARNAU,678
2013,M,RAYAN,648
2013,M,ALONSO,642
2013,M,MARTI,632
2013,M,GERARD,631
2013,M,IAN,629
2013,M,JAN,619
2013,M,IGNACIO,617
2013,M,CRISTIAN,612
2013,M,MIGUEL ANGEL,610
2013,M,SANTIAGO,583
2013,M,GAEL,576
2013,M,NIL,574
2013,M,JOAN,572
2013,M,THIAGO,534
2013,M,ENRIQUE,515
2013,M,ISAAC,512
2013,M,SAUL,509
2013,M,JOSE ANTONIO,496
2013,M,JOSE MANUEL,479
2013,M,YAGO,476
2013,M,ROBERTO,470
2013,M,EDUARDO,469
2013,M,OMAR,465
2013,M,LUCA,453
2013,M,ALEIX,452
2013,M,ORIOL,446
2013,M,JORDI,441
2013,M,FRANCISCO JAVIER,436
2013,M,ANDER,421
2013,M,JON,421
2013,M,YERAY,404
2013,M,DYLAN,399
2014,F,LUCIA,5184
2014,F,MARIA,4971
2014,F,MARTINA,4400
2014,F,PAULA,4223
2014,F,DANIELA,3803
2014,F,SOFIA,3592
2014,F,VALERIA,3259
2014,F,CARLA,3145
2014,F,SARA,3125
2014,F,JULIA,3121
2014,F,ALBA,3118
2014,F,NOA,2751
2014,F,EMMA,2483
2014,F,CLAUDIA,2471
2014,F,CARMEN,2159
2014,F,MARTA,2005
2014,F,VALENTINA,1942
2014,F,IRENE,1905
2014,F,ADRIANA,1887
2014,F,LAURA,1801
2014,F,ANA,1799
2014,F,ELENA,1787
2014,F,ALEJANDRA,1561
2014,F,AINHOA,1489
2014,F,INES,1415
2014,F,AITANA,1399
2014,F,MARINA,1381
2014,F,VERA,1349
2014,F,CANDELA,1334
2014,F,LAIA,1327
2014,F,ARIADNA,1307
2014,F,AINARA,1256
2014,F,LOLA,1254
2014,F,LEIRE,1230
2014,F,ANDREA,1178
2014,F,NEREA,1176
2014,F,CARLOTA,1143
2014,F,ROCIO,1135
2014,F,VEGA,1133
2014,F,ANGELA,1132
2014,F,NORA,1116
2014,F,JIMENA,1083
2014,F,BLANCA,1054
2014,F,ALICIA,1023
2014,F,CLARA,993
2014,F,OLIVIA,981
2014,F,CELIA,931
2014,F,ALMA,923
2014,F,EVA,916
2014,F,ELSA,906
2014,F,LEYRE,874
2014,F,NATALIA,874
2014,F,VICTORIA,834
2014,F,ISABEL,732
2014,F,CRISTINA,705
2014,F,ABRIL,690
2014,F,LARA,688
2014,F,TRIANA,674
2014,F,NURIA,652
2014,F,AROA,631
2014,F,CAROLINA,625
2014,F,AINA,613
2014,F,MANUELA,598
2014,F,CHLOE,594
2014,F,MIA,566
2014,F,MAR,533
2014,F,GABRIELA,530
2014,F,MARA,530
2014,F,ZOE,526
2014,F,ONA,512
2014,F,AFRICA,495
2014,F,IRIA,491
2014,F,NAIA,487
2014,F,HELENA,477
2014,F,PAOLA,470
2014,F,NOELIA,468
2014,F,NAHIA,459
2014,F,MIRIAM,454
2014,F,SALMA,448
2014,F,NAIARA,441
2014,F,LIA,439
2014,F,BERTA,438
2014,F,ALEXIA,435
2014,F,NAYARA,415
2014,F,MALAK,410
2014,F,ANE,409
2014,F,ELIA,408
2014,F,JANA,405
2014,F,ARLET,401
2014,F,DIANA,391
2014,F,AYA,390
2014,F,SILVIA,386
2014,F,IRIS,376
2014,F,LUNA,373
2014,F,FATIMA,367
2014,F,YANIRA,367
2014,F,ERIKA,366
2014,F,SANDRA,356
2014,F,MIREIA,355
2014,F,ANNA,347
2014,M,HUGO,5141
2014,M,DANIEL,4867
2014,M,PABLO,4502
2014,M,ALEJANDRO,4132
2014,M,ALVARO,3684
2014,M,ADRIAN,3476
2014,M,DAVID,3386
2014,M,MARTIN,3190
2014,M,MARIO,3081
2014,M,DIEGO,3007
2014,M,JAVIER,2538
2014,M,MANUEL,2486
2014,M,LUCAS,2451
2014,M,NICOLAS,2324
2014,M,MARCOS,2248
2014,M,LEO,2167
2014,M,SERGIO,2147
2014,M,MATEO,2113
2014,M,IZAN,1954
2014,M,ALEX,1939
2014,M,IKER,1923
2014,M,MARC,1908
2014,M,JORGE,1881
2014,M,CARLOS,1775
2014,M,MIGUEL,1716
2014,M,ANTONIO,1673
2014,M,ANGEL,1606
2014,M,GONZALO,1596
2014,M,JUAN,1536
2014,M,IVAN,1516
2014,M,SAMUEL,1335
2014,M,ERIC,1334
2014,M,RUBEN,1333
2014,M,HECTOR,1319
2014,M,VICTOR,1310
2014,M,ENZO,1305
2014,M,JOSE,1254
2014,M,GABRIEL,1240
2014,M,BRUNO,1234
2014,M,DARIO,1227
2014,M,RAUL,1186
2014,M,ADAM,1171
2014,M,GUILLERMO,1151
2014,M,AARON,1113
2014,M,FRANCISCO,1108
2014,M,JESUS,1098
2014,M,OLIVER,1082
2014,M,JOEL,1030
2014,M,AITOR,1028
2014,M,RODRIGO,1027
2014,M,PEDRO,1024
2014,M,ERIK,1020
2014,M,MARCO,996
2014,M,ALBERTO,972
2014,M,PAU,942
2014,M,JAIME,926
2014,M,ASIER,924
2014,M,LUIS,894
2014,M,RAFAEL,880
2014,M,UNAI,844
2014,M,DYLAN,767
2014,M,MOHAMED,760
2014,M,MARTI,738
2014,M,IAN,731
2014,M,POL,720
2014,M,ISMAEL,714
2014,M,ANDRES,702
2014,M,OSCAR,701
2014,M,ALONSO,664
2014,M,BIEL,656
2014,M,RAYAN,653
2014,M,JAN,647
2014,M,FERNANDO,646
2014,M,THIAGO,636
2014,M,ARNAU,628
2014,M,CRISTIAN,597
2014,M,GAEL,587
2014,M,IGNACIO,584
2014,M,JOAN,574
2014,M,NIL,565
2014,M,SANTIAGO,546
2014,M,LUCA,542
2014,M,GERARD,538
2014,M,ISAAC,534
2014,M,MIGUEL ANGEL,534
2014,M,ALEIX,508
2014,M,SAUL,495
2014,M,JOSE ANTONIO,474
2014,M,ENRIQUE,458
2014,M,YAGO,451
2014,M,JULEN,447
2014,M,EDUARDO,443
2014,M,JOSE MANUEL,443
2014,M,ABRAHAM,442
2014,M,JORDI,438
2014,M,AIMAR,435
2014,M,ROBERTO,431
2014,M,FRANCISCO JAVIER,423
2014,M,YERAY,401
2014,M,CESAR,400
2015,F,LUCIA,5258
2015,F,MARIA,4541
2015,F,MARTINA,4463
2015,F,PAULA,3861
2015,F,SOFIA,3540
2015,F,DANIELA,3403
2015,F,ALBA,3094
2015,F,JULIA,3013
2015,F,CARLA,2956
2015,F,SARA,2946
2015,F,VALERIA,2930
2015,F,NOA,2906
2015,F,EMMA,2526
2015,F,CLAUDIA,2411
2015,F,CARMEN,2161
2015,F,MARTA,1853
2015,F,VALENTINA,1849
2015,F,IRENE,1765
2015,F,ADRIANA,1761
2015,F,ANA,1759
2015,F,LAURA,1652
2015,F,ELENA,1592
2015,F,ALEJANDRA,1583
2015,F,OLIVIA,1444
2015,F,INES,1388
2015,F,LOLA,1374
2015,F,ARIADNA,1345
2015,F,AITANA,1341
2015,F,VERA,1338
2015,F,LAIA,1322
2015,F,VEGA,1291
2015,F,ALMA,1271
2015,F,CANDELA,1240
2015,F,MARINA,1239
2015,F,AINHOA,1233
2015,F,ELSA,1171
2015,F,JIMENA,1169
2015,F,TRIANA,1162
2015,F,LEIRE,1156
2015,F,CARLOTA,1148
2015,F,BLANCA,1130
2015,F,ROCIO,1118
2015,F,AINARA,1076
2015,F,ALICIA,1040
2015,F,NORA,1038
2015,F,NEREA,1032
2015,F,ANGELA,1013
2015,F,CLARA,992
2015,F,ABRIL,920
2015,F,LEYRE,902
2015,F,CELIA,893
2015,F,ANDREA,880
2015,F,VICTORIA,864
2015,F,LARA,811
2015,F,EVA,800
2015,F,CHLOE,775
2015,F,MIA,773
2015,F,NATALIA,731
2015,F,MANUELA,725
2015,F,ISABEL,687
2015,F,AINA,685
2015,F,ZOE,655
2015,F,CRISTINA,613
2015,F,AROA,584
2015,F,NURIA,556
2015,F,ALEXIA,552
2015,F,LIA,523
2015,F,CAROLINA,513
2015,F,IRIA,509
2015,F,AFRICA,507
2015,F,MAR,501
2015,F,GABRIELA,482
2015,F,MARA,482
2015,F,ONA,464
2015,F,NAIA,457
2015,F,HELENA,438
2015,F,PAOLA,430
2015,F,AZAHARA,425
2015,F,ELIA,423
2015,F,NOELIA,420
2015,F,IRIS,415
2015,F,MALAK,405
2015,F,LUNA,403
2015,F,NAHIA,400
2015,F,BERTA,395
2015,F,AYA,392
2015,F,MIREIA,387
2015,F,SALMA,384
2015,F,CAYETANA,382
2015,F,ANE,380
2015,F,SILVIA,377
2015,F,DIANA,373
2015,F,MIRIAM,373
2015,F,ARLET,372
2015,F,NADIA,370
2015,F,NAIARA,363
2015,F,JANA,361
2015,F,CLOE,352
2015,F,ANNA,350
2015,F,NAYARA,347
2015,M,HUGO,5167
2015,M,DANIEL,4595
2015,M,PABLO,4210
2015,M,MARTIN,4099
2015,M,ALEJANDRO,4010
2015,M,ADRIAN,3357
2015,M,ALVARO,3254
2015,M,DAVID,3003
2015,M,LUCAS,2912
2015,M,MARIO,2837
2015,M,DIEGO,2730
2015,M,MANUEL,2593
2015,M,LEO,2450
2015,M,MATEO,2403
2015,M,JAVIER,2363
2015,M,IZAN,2126
2015,M,MARCOS,2084
2015,M,ALEX,1999
2015,M,SERGIO,1982
2015,M,MARC,1874
2015,M,CARLOS,1751
2015,M,MIGUEL,1740
2015,M,JORGE,1739
2015,M,ENZO,1648
2015,M,ANTONIO,1582
2015,M,ANGEL,1552
2015,M,GONZALO,1542
2015,M,IKER,1522
2015,M,JUAN,1492
2015,M,ERIC,1390
2015,M,IVAN,1365
2015,M,RUBEN,1327
2015,M,VICTOR,1298
2015,M,NICOLAS,1288
2015,M,BRUNO,1254
2015,M,SAMUEL,1250
2015,M,HECTOR,1247
2015,M,JOSE,1236
2015,M,GABRIEL,1189
2015,M,DARIO,1183
2015,M,OLIVER,1177
2015,M,AARON,1157
2015,M,ADAM,1082
2015,M,DYLAN,1053
2015,M,JESUS,1024
2015,M,AITOR,1018
2015,M,ALBERTO,1018
2015,M,MARCO,1018
2015,M,GUILLERMO,1000
2015,M,RAUL,973
2015,M,RODRIGO,970
2015,M,FRANCISCO,966
2015,M,ERIK,946
2015,M,JOEL,944
2015,M,PAU,931
2015,M,PEDRO,921
2015,M,LUIS,893
2015,M,JAIME,872
2015,M,RAFAEL,849
2015,M,ASIER,814
2015,M,UNAI,797
2015,M,MOHAMED,777
2015,M,MARTI,773
2015,M,GAEL,764
2015,M,THIAGO,747
2015,M,IAN,730
2015,M,FERNANDO,674
2015,M,OSCAR,674
2015,M,LUCA,666
2015,M,ANDRES,665
2015,M,BIEL,655
2015,M,ISMAEL,632
2015,M,ALONSO,610
2015,M,POL,603
2015,M,JAN,600
2015,M,NIL,600
2015,M,RAYAN,578
2015,M,ALEIX,572
2015,M,ARNAU,563
2015,M,CRISTIAN,555
2015,M,SAUL,549
2015,M,JULEN,536
2015,M,ISAAC,535
2015,M,SANTIAGO,535
2015,M,JOAN,506
2015,M,AIMAR,498
2015,M,MIGUEL ANGEL,495
2015,M,IGNACIO,487
2015,M,YOUSSEF,478
2015,M,EDUARDO,456
2015,M,MAURO,450
2015,M,ENRIQUE,445
2015,M,YAGO,443
2015,M,JOSE ANTONIO,421
2015,M,GERARD,409
2015,M,NOAH,405
2015,M,ABRAHAM,403
2015,M,OMAR,400
2015,M,IBAI,395
2015,M,FRANCISCO JAVIER,393
2016,F,LUCIA,4925
2016,F,MARTINA,4328
2016,F,MARIA,4296
2016,F,SOFIA,4210
2016,F,PAULA,3446
2016,F,DANIELA,3167
2016,F,VALERIA,3122
2016,F,ALBA,3059
2016,F,JULIA,3013
2016,F,NOA,2901
2016,F,SARA,2825
2016,F,CARLA,2794
2016,F,EMMA,2487
2016,F,CARMEN,2445
2016,F,CLAUDIA,2076
2016,F,VALENTINA,1803
2016,F,ANA,1744
2016,F,MARTA,1684
2016,F,IRENE,1583
2016,F,ADRIANA,1571
2016,F,LAURA,1522
2016,F,VEGA,1466
2016,F,ELENA,1458
2016,F,ALEJANDRA,1422
2016,F,ALMA,1419
2016,F,LAIA,1405
2016,F,LOLA,1373
2016,F,VERA,1355
2016,F,OLIVIA,1349
2016,F,AITANA,1310
2016,F,INES,1278
2016,F,JIMENA,1243
2016,F,CANDELA,1214
2016,F,ARIADNA,1211
2016,F,CARLOTA,1165
2016,F,AINHOA,1123
2016,F,MARINA,1063
2016,F,NORA,1061
2016,F,TRIANA,1061
2016,F,CHLOE,1047
2016,F,ALICIA,1020
2016,F,CLARA,997
2016,F,BLANCA,993
2016,F,LEIRE,985
2016,F,ROCIO,980
2016,F,MIA,967
2016,F,LARA,944
2016,F,AINARA,941
2016,F,ABRIL,885
2016,F,NEREA,883
2016,F,ANDREA,864
2016,F,LEYRE,856
2016,F,MANUELA,851
2016,F,CELIA,847
2016,F,VICTORIA,843
2016,F,ELSA,842
2016,F,ANGELA,827
2016,F,EVA,742
2016,F,NATALIA,678
2016,F,ZOE,671
2016,F,AINA,612
2016,F,ISABEL,582
2016,F,ONA,545
2016,F,LIA,519
2016,F,CRISTINA,514
2016,F,AROA,506
2016,F,GALA,498
2016,F,GABRIELA,492
2016,F,MAR,490
2016,F,IRIA,487
2016,F,NURIA,483
2016,F,CAROLINA,479
2016,F,IRIS,460
2016,F,MARA,451
2016,F,ARLET,444
2016,F,HELENA,426
2016,F,LUNA,425
2016,F,MALAK,421
2016,F,CAYETANA,417
2016,F,AFRICA,414
2016,F,ALEXIA,407
2016,F,DIANA,407
2016,F,NAIA,407
2016,F,PAOLA,406
2016,F,BERTA,405
2016,F,ELIA,404
2016,F,NAHIA,386
2016,F,AMIRA,376
2016,F,AYA,366
2016,F,SALMA,353
2016,F,ANE,352
2016,F,MIRIAM,346
2016,F,ELISA,341
2016,F,CLOE,339
2016,F,FATIMA,339
2016,F,JANA,338
2016,F,NOELIA,331
2016,F,MIREIA,314
2016,F,ANNA,313
2016,F,SILVIA,313
2016,M,HUGO,4901
2016,M,MARTIN,4255
2016,M,DANIEL,4215
2016,M,ALEJANDRO,3788
2016,M,PABLO,3779
2016,M,LUCAS,3741
2016,M,ALVARO,3186
2016,M,ADRIAN,3158
2016,M,MATEO,2856
2016,M,DAVID,2834
2016,M,MARIO,2750
2016,M,MANUEL,2665
2016,M,DIEGO,2500
2016,M,LEO,2460
2016,M,JAVIER,2149
2016,M,MARCOS,2022
2016,M,IZAN,1925
2016,M,ALEX,1863
2016,M,SERGIO,1781
2016,M,ENZO,1761
2016,M,CARLOS,1682
2016,M,MIGUEL,1592
2016,M,MARC,1588
2016,M,JORGE,1547
2016,M,ANTONIO,1516
2016,M,GONZALO,1439
2016,M,ANGEL,1380
2016,M,JUAN,1363
2016,M,OLIVER,1346
2016,M,IKER,1317
2016,M,BRUNO,1310
2016,M,DYLAN,1310
2016,M,ERIC,1278
2016,M,IVAN,1241
2016,M,MARCO,1239
2016,M,NICOLAS,1211
2016,M,HECTOR,1190
2016,M,DARIO,1164
2016,M,JOSE,1161
2016,M,VICTOR,1147
2016,M,RUBEN,1127
2016,M,SAMUEL,1096
2016,M,GABRIEL,1073
2016,M,ADAM,1065
2016,M,AARON,1055
2016,M,THIAGO,995
2016,M,GAEL,945
2016,M,FRANCISCO,917
2016,M,RAUL,908
2016,M,JESUS,898
2016,M,GUILLERMO,887
2016,M,RODRIGO,874
2016,M,ERIK,869
2016,M,JAIME,865
2016,M,AITOR,863
2016,M,PEDRO,854
2016,M,PAU,847
2016,M,JOEL,843
2016,M,ALBERTO,820
2016,M,LUIS,819
2016,M,IAN,794
2016,M,MOHAMED,794
2016,M,LUCA,789
2016,M,RAFAEL,782
2016,M,JULEN,781
2016,M,UNAI,712
2016,M,ASIER,695
2016,M,MARTI,653
2016,M,RAYAN,627
2016,M,JAN,616
2016,M,FERNANDO,608
2016,M,POL,608
2016,M,BIEL,607
2016,M,SAUL,595
2016,M,ANDRES,592
2016,M,ISMAEL,579
2016,M,OSCAR,572
2016,M,ALONSO,554
2016,M,ALEIX,553
2016,M,NIL,546
2016,M,CRISTIAN,531
2016,M,ISAAC,503
2016,M,SANTIAGO,500
2016,M,MIGUEL ANGEL,486
2016,M,ARNAU,482
2016,M,IGNACIO,478
2016,M,YOUSSEF,447
2016,M,ENRIQUE,445
2016,M,MAURO,430
2016,M,JOAN,426
2016,M,JON,413
2016,M,NOAH,412
2016,M,JOSE ANTONIO,408
2016,M,JOSE MANUEL,408
2016,M,OMAR,396
2016,M,EDUARDO,391
2016,M,AIMAR,390
2016,M,GERARD,389
2016,M,ARITZ,381
2016,M,JORDI,374
2017,F,LUCIA,4423
2017,F,SOFIA,4221
2017,F,MARIA,3890
2017,F,MARTINA,3829
2017,F,PAULA,3089
2017,F,JULIA,3005
2017,F,DANIELA,2974
2017,F,VALERIA,2862
2017,F,ALBA,2686
2017,F,EMMA,2528
2017,F,CARLA,2492
2017,F,SARA,2419
2017,F,NOA,2378
2017,F,CARMEN,2174
2017,F,CLAUDIA,1912
2017,F,VALENTINA,1694
2017,F,ALMA,1623
2017,F,ANA,1545
2017,F,MARTA,1430
2017,F,CHLOE,1425
2017,F,OLIVIA,1402
2017,F,ELENA,1394
2017,F,ADRIANA,1372
2017,F,LAIA,1367
2017,F,VEGA,1360
2017,F,VERA,1345
2017,F,LOLA,1344
2017,F,IRENE,1325
2017,F,JIMENA,1317
2017,F,ALEJANDRA,1278
2017,F,LAURA,1276
2017,F,INES,1253
2017,F,CANDELA,1222
2017,F,MIA,1218
2017,F,TRIANA,1203
2017,F,AITANA,1180
2017,F,ABRIL,1039
2017,F,LARA,1033
2017,F,CARLOTA,1016
2017,F,ARIADNA,1011
2017,F,ALICIA,967
2017,F,MARINA,953
2017,F,CLARA,944
2017,F,ROCIO,934
2017,F,NORA,898
2017,F,MANUELA,893
2017,F,BLANCA,883
2017,F,VICTORIA,876
2017,F,AINHOA,843
2017,F,ANDREA,821
2017,F,LEYRE,819
2017,F,ANGELA,808
2017,F,LEIRE,780
2017,F,NEREA,774
2017,F,CELIA,758
2017,F,EVA,757
2017,F,AINARA,740
2017,F,ZOE,703
2017,F,ELSA,657
2017,F,NATALIA,591
2017,F,ISABEL,584
2017,F,GALA,534
2017,F,LIA,531
2017,F,IRIA,527
2017,F,AINA,514
2017,F,ONA,506
2017,F,MAR,502
2017,F,AFRICA,494
2017,F,LUNA,476
2017,F,CRISTINA,472
2017,F,CAYETANA,469
2017,F,AMIRA,452
2017,F,AROA,450
2017,F,GABRIELA,446
2017,F,IRIS,443
2017,F,MARA,434
2017,F,NURIA,411
2017,F,MALAK,406
2017,F,CAROLINA,404
2017,F,JANA,401
2017,F,JULIETA,396
2017,F,ARLET,395
2017,F,CLOE,395
2017,F,ALEXIA,382
2017,F,HELENA,379
2017,F,DIANA,378
2017,F,NAIA,373
2017,F,AYA,372
2017,F,SALMA,372
2017,F,PAOLA,368
2017,F,BERTA,366
2017,F,INDIA,366
2017,F,ELIA,358
2017,F,ANNA,346
2017,F,FATIMA,343
2017,F,ADARA,337
2017,F,NAIARA,332
2017,F,NOUR,332
2017,F,NAHIA,321
2017,F,ELISA,318
2017,M,LUCAS,4217
2017,M,HUGO,4160
2017,M,MARTIN,3848
2017,M,DANIEL,3727
2017,M,PABLO,3431
2017,M,ALEJANDRO,3226
2017,M,MATEO,3126
2017,M,ADRIAN,2845
2017,M,ALVARO,2800
2017,M,MANUEL,2525
2017,M,LEO,2492
2017,M,DAVID,2484
2017,M,MARIO,2421
2017,M,DIEGO,2259
2017,M,JAVIER,2015
2017,M,ENZO,1965
2017,M,IZAN,1897
2017,M,MARCOS,1752
2017,M,MARCO,1720
2017,M,ALEX,1618
2017,M,CARLOS,1579
2017,M,SERGIO,1539
2017,M,MARC,1499
2017,M,ANTONIO,1468
2017,M,BRUNO,1444
2017,M,MIGUEL,1409
2017,M,GONZALO,1398
2017,M,JORGE,1394
2017,M,JUAN,1323
2017,M,DYLAN,1290
2017,M,ANGEL,1289
2017,M,NICOLAS,1248
2017,M,OLIVER,1230
2017,M,THIAGO,1166
2017,M,ERIC,1135
2017,M,GABRIEL,1097
2017,M,IKER,1095
2017,M,JOSE,1068
2017,M,HECTOR,1053
2017,M,IVAN,1052
2017,M,ADAM,1047
2017,M,GAEL,1029
2017,M,DARIO,1008
2017,M,SAMUEL,1007
2017,M,VICTOR,970
2017,M,RODRIGO,946
2017,M,RUBEN,945
2017,M,LUCA,898
2017,M,JESUS,894
2017,M,AARON,865
2017,M,RAUL,839
2017,M,FRANCISCO,833
2017,M,IAN,816
2017,M,GUILLERMO,812
2017,M,ERIK,801
2017,M,PEDRO,798
2017,M,JAIME,795
2017,M,AITOR,784
2017,M,PAU,780
2017,M,RAFAEL,769
2017,M,ALBERTO,742
2017,M,MOHAMED,740
2017,M,LUIS,733
2017,M,JOEL,723
2017,M,JULEN,710
2017,M,SAUL,698
2017,M,POL,644
2017,M,UNAI,638
2017,M,MARTI,610
2017,M,RAYAN,588
2017,M,ANDRES,575
2017,M,NIL,574
2017,M,ISMAEL,571
2017,M,FERNANDO,569
2017,M,JAN,565
2017,M,ASIER,562
2017,M,SANTIAGO,556
2017,M,LIAM,538
2017,M,ALONSO,534
2017,M,BIEL,506
2017,M,ALEIX,502
2017,M,ALAN,494
2017,M,ARNAU,482
2017,M,YOUSSEF,480
2017,M,OSCAR,464
2017,M,IGNACIO,444
2017,M,ISAAC,435
2017,M,CRISTIAN,432
2017,M,MIGUEL ANGEL,430
2017,M,MATIAS,427
2017,M,AMIR,424
2017,M,NEIZAN,414
2017,M,NOAH,410
2017,M,JOAN,408
2017,M,AXEL,395
2017,M,TEO,384
2017,M,ENRIQUE,379
2017,M,IMRAN,371
2017,M,OMAR,369
2017,M,MAURO,364
2018,F,LUCIA,4037
2018,F,SOFIA,3732
2018,F,MARIA,3561
2018,F,MARTINA,3559
2018,F,PAULA,2860
2018,F,JULIA,2772
2018,F,EMMA,2632
2018,F,VALERIA,2539
2018,F,DANIELA,2524
2018,F,ALBA,2370
2018,F,SARA,2274
2018,F,CARLA,2095
2018,F,CARMEN,2050
2018,F,NOA,2015
2018,F,CLAUDIA,1768
2018,F,VALENTINA,1549
2018,F,ALMA,1503
2018,F,VEGA,1442
2018,F,ANA,1436
2018,F,OLIVIA,1430
2018,F,LOLA,1394
2018,F,CHLOE,1382
2018,F,ELENA,1305
2018,F,AITANA,1302
2018,F,LARA,1269
2018,F,MARTA,1239
2018,F,JIMENA,1234
2018,F,MIA,1210
2018,F,VERA,1207
2018,F,ALEJANDRA,1204
2018,F,LAIA,1203
2018,F,IRENE,1153
2018,F,ADRIANA,1138
2018,F,INES,1118
2018,F,ABRIL,1105
2018,F,TRIANA,1068
2018,F,CANDELA,1062
2018,F,CARLOTA,1058
2018,F,LAURA,1016
2018,F,ARIADNA,953
2018,F,VICTORIA,942
2018,F,MANUELA,915
2018,F,MARINA,895
2018,F,BLANCA,892
2018,F,CLARA,887
2018,F,ALICIA,864
2018,F,NORA,853
2018,F,ROCIO,831
2018,F,LEIRE,799
2018,F,CELIA,729
2018,F,AINARA,698
2018,F,AINHOA,687
2018,F,ANGELA,687
2018,F,EVA,682
2018,F,LEYRE,669
2018,F,LIA,638
2018,F,ELSA,636
2018,F,ZOE,627
2018,F,NEREA,622
2018,F,ANDREA,592
2018,F,GALA,576
2018,F,ISABEL,539
2018,F,AINA,517
2018,F,AMIRA,514
2018,F,AFRICA,501
2018,F,MAR,485
2018,F,NATALIA,484
2018,F,CAYETANA,464
2018,F,GABRIELA,446
2018,F,DIANA,437
2018,F,IRIA,435
2018,F,MARA,417
2018,F,IRIS,410
2018,F,CRISTINA,409
2018,F,ONA,409
2018,F,AROA,405
2018,F,INDIA,403
2018,F,NOUR,396
2018,F,LUNA,395
2018,F,HELENA,392
2018,F,CLOE,389
2018,F,JANA,374
2018,F,LINA,365
2018,F,CAROLINA,362
2018,F,ELIA,357
2018,F,AMAIA,353
2018,F,BERTA,350
2018,F,NAIA,349
2018,F,JULIETA,347
2018,F,ARLET,346
2018,F,NAHIA,337
2018,F,ALEXIA,333
2018,F,FATIMA,330
2018,F,AYA,327
2018,F,SALMA,327
2018,F,ISABELLA,313
2018,F,PAOLA,312
2018,F,NURIA,309
2018,F,YASMIN,308
2018,F,MALAK,305
2018,M,HUGO,3832
2018,M,LUCAS,3633
2018,M,MARTIN,3349
2018,M,DANIEL,3243
2018,M,PABLO,3157
2018,M,MATEO,3116
2018,M,ALEJANDRO,3028
2018,M,LEO,2674
2018,M,ALVARO,2512
2018,M,MANUEL,2501
2018,M,ADRIAN,2428
2018,M,DAVID,2208
2018,M,MARIO,2093
2018,M,DIEGO,1984
2018,M,ENZO,1858
2018,M,JAVIER,1713
2018,M,MARCO,1710
2018,M,MARCOS,1703
2018,M,IZAN,1668
2018,M,ANTONIO,1447
2018,M,BRUNO,1420
2018,M,SERGIO,1413
2018,M,ALEX,1381
2018,M,MIGUEL,1321
2018,M,MARC,1315
2018,M,CARLOS,1304
2018,M,THIAGO,1293
2018,M,JUAN,1243
2018,M,GONZALO,1235
2018,M,OLIVER,1216
2018,M,ANGEL,1209
2018,M,NICOLAS,1209
2018,M,JORGE,1204
2018,M,ERIC,1120
2018,M,DYLAN,1116
2018,M,GABRIEL,1086
2018,M,JOSE,1083
2018,M,GAEL,1067
2018,M,SAMUEL,1036
2018,M,DARIO,1026
2018,M,HECTOR,1004
2018,M,SAUL,963
2018,M,ADAM,955
2018,M,IVAN,870
2018,M,VICTOR,863
2018,M,RODRIGO,858
2018,M,IKER,850
2018,M,AARON,822
2018,M,RUBEN,818
2018,M,FRANCISCO,810
2018,M,LUCA,800
2018,M,JESUS,796
2018,M,PAU,783
2018,M,JAIME,768
2018,M,LUIS,761
2018,M,MOHAMED,750
2018,M,GUILLERMO,744
2018,M,RAUL,734
2018,M,IAN,721
2018,M,ALBERTO,717
2018,M,ERIK,712
2018,M,PEDRO,708
2018,M,AMIR,706
2018,M,LIAM,704
2018,M,UNAI,689
2018,M,JOEL,686
2018,M,RAFAEL,679
2018,M,JULEN,670
2018,M,AITOR,622
2018,M,POL,620
2018,M,MARTI,534
2018,M,JAN,529
2018,M,ASIER,519
2018,M,SANTIAGO,518
2018,M,ALONSO,511
2018,M,NIL,507
2018,M,ISMAEL,502
2018,M,RAYAN,495
2018,M,ANDRES,490
2018,M,FERNANDO,468
2018,M,BIEL,463
2018,M,NOAH,455
2018,M,ARNAU,451
2018,M,IGNACIO,437
2018,M,MATIAS,432
2018,M,ISAAC,431
2018,M,AXEL,425
2018,M,CRISTIAN,422
2018,M,OSCAR,413
2018,M,IMRAN,404
2018,M,OMAR,403
2018,M,YOUSSEF,399
2018,M,ALAN,390
2018,M,ALEIX,387
2018,M,JOAN,382
2018,M,LUKA,381
2018,M,TEO,370
2018,M,MAURO,359
2018,M,JON,355
2018,M,MIGUEL ANGEL,352
2019,F,LUCIA,3628
2019,F,SOFIA,3516
2019,F,MARTINA,3181
2019,F,MARIA,3176
2019,F,JULIA,2611
2019,F,PAULA,2503
2019,F,EMMA,2367
2019,F,DANIELA,2326
2019,F,VALERIA,2254
2019,F,ALBA,2106
2019,F,SARA,2003
2019,F,NOA,1975
2019,F,CARMEN,1907
2019,F,CARLA,1905
2019,F,ALMA,1656
2019,F,CLAUDIA,1602
2019,F,VALENTINA,1568
2019,F,VEGA,1488
2019,F,LARA,1442
2019,F,OLIVIA,1387
2019,F,MIA,1385
2019,F,AITANA,1370
2019,F,LOLA,1309
2019,F,CHLOE,1276
2019,F,ANA,1268
2019,F,ALEJANDRA,1224
2019,F,ABRIL,1214
2019,F,JIMENA,1211
2019,F,ELENA,1184
2019,F,LAIA,1172
2019,F,ADRIANA,1156
2019,F,CANDELA,1114
2019,F,MARTA,1101
2019,F,TRIANA,1075
2019,F,IRENE,1067
2019,F,VERA,1064
2019,F,INES,1055
2019,F,CARLOTA,1006
2019,F,LAURA,939
2019,F,MANUELA,904
2019,F,ARIADNA,896
2019,F,VICTORIA,892
2019,F,BLANCA,881
2019,F,MARINA,880
2019,F,ROCIO,836
2019,F,CLARA,813
2019,F,NORA,782
2019,F,ALICIA,775
2019,F,LIA,719
2019,F,LEIRE,718
2019,F,CELIA,712
2019,F,EVA,672
2019,F,GALA,657
2019,F,ELSA,626
2019,F,ANGELA,621
2019,F,AMIRA,609
2019,F,ZOE,601
2019,F,ANDREA,592
2019,F,AINHOA,582
2019,F,LEYRE,580
2019,F,ISABEL,549
2019,F,NEREA,526
2019,F,AFRICA,517
2019,F,AINARA,509
2019,F,ONA,504
2019,F,CAYETANA,473
2019,F,NOUR,466
2019,F,LUNA,456
2019,F,IRIA,439
2019,F,AINA,438
2019,F,MAR,427
2019,F,GABRIELA,417
2019,F,MARA,417
2019,F,JANA,410
2019,F,NATALIA,396
2019,F,JULIETA,381
2019,F,INDIA,380
2019,F,AROA,378
2019,F,CLOE,378
2019,F,CRISTINA,370
2019,F,HELENA,368
2019,F,FATIMA,358
2019,F,LINA,349
2019,F,DIANA,348
2019,F,CAROLINA,343
2019,F,NAIA,343
2019,F,IRIS,342
2019,F,ARLET,324
2019,F,ALEXIA,320
2019,F,ELIA,319
2019,F,GRETA,313
2019,F,NAHIA,312
2019,F,MALAK,311
2019,F,YASMIN,309
2019,F,BERTA,303
2019,F,AMAIA,301
2019,F,AYA,298
2019,F,SALMA,290
2019,F,ISABELLA,287
2019,F,ELISA,277
2019,M,HUGO,3544
2019,M,MARTIN,3264
2019,M,LUCAS,3197
2019,M,MATEO,3167
2019,M,LEO,2970
2019,M,DANIEL,2969
2019,M,ALEJANDRO,2950
2019,M,PABLO,2874
2019,M,MANUEL,2467
2019,M,ALVARO,2280
2019,M,ADRIAN,2203
2019,M,DAVID,1982
2019,M,ENZO,1902
2019,M,MARIO,1898
2019,M,DIEGO,1881
2019,M,MARCOS,1512
2019,M,IZAN,1510
2019,M,JAVIER,1505
2019,M,MARCO,1480
2019,M,ALEX,1430
2019,M,BRUNO,1358
2019,M,OLIVER,1358
2019,M,MIGUEL,1324
2019,M,ANTONIO,1321
2019,M,THIAGO,1320
2019,M,MARC,1284
2019,M,CARLOS,1237
2019,M,ANGEL,1210
2019,M,JUAN,1194
2019,M,GONZALO,1167
2019,M,GAEL,1166
2019,M,SERGIO,1164
2019,M,NICOLAS,1137
2019,M,DYLAN,1083
2019,M,GABRIEL,1060
2019,M,JORGE,1050
2019,M,JOSE,1050
2019,M,ADAM,983
2019,M,LIAM,964
2019,M,ERIC,953
2019,M,SAMUEL,943
2019,M,DARIO,942
2019,M,HECTOR,929
2019,M,LUCA,911
2019,M,IKER,898
2019,M,AMIR,816
2019,M,RODRIGO,815
2019,M,SAUL,812
2019,M,VICTOR,764
2019,M,IVAN,759
2019,M,FRANCISCO,758
2019,M,JESUS,758
2019,M,JAIME,744
2019,M,AARON,717
2019,M,RUBEN,707
2019,M,IAN,691
2019,M,GUILLERMO,689
2019,M,ERIK,686
2019,M,MOHAMED,686
2019,M,LUIS,682
2019,M,JULEN,677
2019,M,PAU,639
2019,M,UNAI,627
2019,M,RAFAEL,615
2019,M,JOEL,612
2019,M,ALBERTO,594
2019,M,PEDRO,585
2019,M,RAUL,580
2019,M,AITOR,568
2019,M,SANTIAGO,549
2019,M,RAYAN,542
2019,M,POL,521
2019,M,NOAH,520
2019,M,NIL,515
2019,M,JAN,505
2019,M,ASIER,496
2019,M,FERNANDO,493
2019,M,ALONSO,464
2019,M,MATIAS,451
2019,M,BIEL,444
2019,M,ANDRES,442
2019,M,AXEL,440
2019,M,ISMAEL,434
2019,M,MARTI,433
2019,M,ARNAU,417
2019,M,IMRAN,395
2019,M,LUKA,393
2019,M,IGNACIO,386
2019,M,ALEIX,381
2019,M,ALAN,375
2019,M,OMAR,374
2019,M,ELIAS,373
2019,M,ISAAC,371
2019,M,YOUSSEF,367
2019,M,JON,361
2019,M,TEO,361
2019,M,MAURO,355
2019,M,OSCAR,345
2019,M,CRISTIAN,340
2019,M,ADAY,333
2020,F,LUCIA,3432
2020,F,SOFIA,3190
2020,F,MARTINA,3042
2020,F,MARIA,2839
2020,F,JULIA,2436
2020,F,PAULA,2201
2020,F,VALERIA,2167
2020,F,EMMA,2119
2020,F,DANIELA,2015
2020,F,CARLA,1831
2020,F,ALBA,1788
2020,F,NOA,1776
2020,F,ALMA,1735
2020,F,SARA,1715
2020,F,CARMEN,1701
2020,F,VEGA,1660
2020,F,LARA,1529
2020,F,MIA,1493
2020,F,VALENTINA,1457
2020,F,OLIVIA,1450
2020,F,CLAUDIA,1408
2020,F,JIMENA,1336
2020,F,LOLA,1330
2020,F,CHLOE,1293
2020,F,AITANA,1255
2020,F,ABRIL,1215
2020,F,ANA,1201
2020,F,LAIA,1183
2020,F,TRIANA,1126
2020,F,CANDELA,1109
2020,F,ALEJANDRA,1081
2020,F,ELENA,1036
2020,F,VERA,991
2020,F,MANUELA,985
2020,F,ADRIANA,982
2020,F,INES,946
2020,F,MARTA,925
2020,F,CARLOTA,910
2020,F,IRENE,896
2020,F,VICTORIA,834
2020,F,BLANCA,821
2020,F,MARINA,816
2020,F,LAURA,780
2020,F,ROCIO,775
2020,F,ALICIA,768
2020,F,CLARA,748
2020,F,NORA,745
2020,F,LIA,735
2020,F,ARIADNA,683
2020,F,ZOE,645
2020,F,AMIRA,643
2020,F,GALA,634
2020,F,CELIA,632
2020,F,LEIRE,590
2020,F,EVA,563
2020,F,ANGELA,560
2020,F,ANDREA,538
2020,F,AFRICA,530
2020,F,LUNA,530
2020,F,AINHOA,528
2020,F,AINARA,501
2020,F,INDIA,499
2020,F,NEREA,493
2020,F,ONA,492
2020,F,ELSA,489
2020,F,ISABEL,475
2020,F,LEYRE,437
2020,F,GABRIELA,432
2020,F,AINA,421
2020,F,CAYETANA,420
2020,F,IRIA,419
2020,F,JANA,406
2020,F,MAR,404
2020,F,CLOE,383
2020,F,LINA,380
2020,F,JULIETA,374
2020,F,ADARA,362
2020,F,NAIA,362
2020,F,IRIS,361
2020,F,NOUR,344
2020,F,MARA,343
2020,F,HELENA,329
2020,F,YASMIN,326
2020,F,NATALIA,322
2020,F,ARLET,310
2020,F,DIANA,302
2020,F,AROA,294
2020,F,AMAIA,289
2020,F,CRISTINA,287
2020,F,NAHIA,287
2020,F,ISABELLA,286
2020,F,MALAK,286
2020,F,ELIA,284
2020,F,CAROLINA,282
2020,F,BERTA,273
2020,F,FATIMA,269
2020,F,NURIA,266
2020,F,AZAHARA,263
2020,F,MACARENA,263
2020,F,AURORA,257
2020,M,HUGO,3313
2020,M,MATEO,3248
2020,M,MARTIN,3144
2020,M,LUCAS,3024
2020,M,LEO,2823
2020,M,DANIEL,2592
2020,M,ALEJANDRO,2525
2020,M,MANUEL,2411
2020,M,PABLO,2400
2020,M,ALVARO,2070
2020,M,ADRIAN,1906
2020,M,ENZO,1843
2020,M,MARIO,1782
2020,M,DIEGO,1662
2020,M,DAVID,1651
2020,M,OLIVER,1390
2020,M,MARCOS,1364
2020,M,THIAGO,1344
2020,M,MARCO,1317
2020,M,ALEX,1313
2020,M,JAVIER,1311
2020,M,IZAN,1309
2020,M,BRUNO,1278
2020,M,MIGUEL,1258
2020,M,ANTONIO,1233
2020,M,GONZALO,1217
2020,M,LIAM,1167
2020,M,GAEL,1143
2020,M,MARC,1068
2020,M,CARLOS,1063
2020,M,JUAN,1059
2020,M,ANGEL,1031
2020,M,DYLAN,1009
2020,M,NICOLAS,1008
2020,M,JOSE,996
2020,M,SERGIO,991
2020,M,GABRIEL,990
2020,M,LUCA,972
2020,M,JORGE,952
2020,M,DARIO,874
2020,M,IKER,798
2020,M,SAMUEL,792
2020,M,ERIC,788
2020,M,ADAM,779
2020,M,HECTOR,769
2020,M,FRANCISCO,745
2020,M,RODRIGO,736
2020,M,JESUS,695
2020,M,ERIK,690
2020,M,AMIR,687
2020,M,JAIME,686
2020,M,IAN,684
2020,M,RUBEN,679
2020,M,AARON,667
2020,M,IVAN,659
2020,M,PAU,647
2020,M,VICTOR,625
2020,M,GUILLERMO,599
2020,M,LUIS,592
2020,M,MOHAMED,592
2020,M,PEDRO,587
2020,M,JULEN,585
2020,M,UNAI,584
2020,M,RAFAEL,576
2020,M,SANTIAGO,554
2020,M,SAUL,553
2020,M,ALBERTO,547
2020,M,NOAH,538
2020,M,AITOR,533
2020,M,JOEL,507
2020,M,NIL,505
2020,M,JAN,499
2020,M,POL,499
2020,M,RAUL,497
2020,M,MATIAS,480
2020,M,MARTI,476
2020,M,FERNANDO,475
2020,M,ANDRES,447
2020,M,RAYAN,444
2020,M,ALONSO,440
2020,M,ISMAEL,435
2020,M,ASIER,423
2020,M,BIEL,410
2020,M,ANDER,393
2020,M,ALEIX,392
2020,M,AXEL,385
2020,M,ALAN,379
2020,M,IGNACIO,376
2020,M,FABIO,371
2020,M,NEIZAN,357
2020,M,JON,353
2020,M,TEO,350
2020,M,ISAAC,349
2020,M,ARNAU,340
2020,M,LUKA,335
2020,M,MAX,334
2020,M,IMRAN,330
2020,M,YOUSSEF,330
2020,M,ANAS,327
2020,M,ELIAS,326
2021,F,LUCIA,3643
2021,F,MARTINA,3042
2021,F,SOFIA,2998
2021,F,MARIA,2702
2021,F,VALERIA,2390
2021,F,JULIA,2363
2021,F,PAULA,2050
2021,F,EMMA,2033
2021,F,DANIELA,1866
2021,F,CARLA,1811
2021,F,ALMA,1772
2021,F,OLIVIA,1732
2021,F,SARA,1708
2021,F,CARMEN,1696
2021,F,VEGA,1666
2021,F,MIA,1663
2021,F,LARA,1627
2021,F,ALBA,1561
2021,F,NOA,1542
2021,F,LOLA,1533
2021,F,VALENTINA,1434
2021,F,CHLOE,1416
2021,F,CLAUDIA,1380
2021,F,JIMENA,1375
2021,F,AITANA,1246
2021,F,LAIA,1116
2021,F,VERA,1069
2021,F,ABRIL,1067
2021,F,ALEJANDRA,1060
2021,F,ANA,1047
2021,F,TRIANA,1043
2021,F,CANDELA,1041
2021,F,ADRIANA,996
2021,F,MANUELA,962
2021,F,ELENA,959
2021,F,CARLOTA,931
2021,F,INES,896
2021,F,BLANCA,888
2021,F,MARINA,868
2021,F,MARTA,813
2021,F,LIA,790
2021,F,VICTORIA,782
2021,F,NORA,764
2021,F,ZOE,755
2021,F,ROCIO,747
2021,F,ALICIA,723
2021,F,CLARA,718
2021,F,GALA,707
2021,F,LUNA,685
2021,F,ARIADNA,673
2021,F,IRENE,672
2021,F,LAURA,662
2021,F,CELIA,650
2021,F,EVA,593
2021,F,AMIRA,580
2021,F,INDIA,575
2021,F,LEIRE,532
2021,F,AFRICA,527
2021,F,ONA,526
2021,F,ANGELA,507
2021,F,GABRIELA,474
2021,F,MAR,453
2021,F,IRIA,451
2021,F,ANDREA,438
2021,F,ISABEL,435
2021,F,MARA,435
2021,F,AINHOA,426
2021,F,AINARA,424
2021,F,JULIETA,416
2021,F,ELSA,410
2021,F,IRIS,407
2021,F,AINA,405
2021,F,JANA,395
2021,F,NEREA,389
2021,F,LEYRE,385
2021,F,NAIA,371
2021,F,NAHIA,360
2021,F,CAYETANA,356
2021,F,LINA,356
2021,F,CLOE,354
2021,F,DIANA,330
2021,F,ELIA,327
2021,F,HELENA,327
2021,F,NOUR,315
2021,F,YASMIN,301
2021,F,MAIA,296
2021,F,CRISTINA,286
2021,F,NATALIA,286
2021,F,MACARENA,280
2021,F,ADARA,275
2021,F,AURORA,273
2021,F,CAROLINA,273
2021,F,VIOLETA,272
2021,F,FATIMA,266
2021,F,ISABELLA,266
2021,F,ARLET,264
2021,F,AROA,264
2021,F,CAMILA,263
2021,F,BERTA,259
2021,F,AMAIA,254
2021,M,MARTIN,3459
2021,M,HUGO,3339
2021,M,MATEO,3270
2021,M,LEO,2838
2021,M,LUCAS,2810
2021,M,MANUEL,2618
2021,M,DANIEL,2520
2021,M,ALEJANDRO,2513
2021,M,PABLO,2276
2021,M,ENZO,2007
2021,M,ALVARO,1941
2021,M,MARIO,1792
2021,M,ADRIAN,1781
2021,M,DIEGO,1598
2021,M,THIAGO,1567
2021,M,BRUNO,1485
2021,M,OLIVER,1452
2021,M,DAVID,1441
2021,M,ALEX,1438
2021,M,MARCO,1413
2021,M,GONZALO,1364
2021,M,MARCOS,1349
2021,M,NICOLAS,1315
2021,M,ANTONIO,1303
2021,M,IZAN,1279
2021,M,MIGUEL,1275
2021,M,JAVIER,1267
2021,M,LUCA,1216
2021,M,LIAM,1198
2021,M,GAEL,1130
2021,M,MARC,1096
2021,M,DYLAN,1044
2021,M,JUAN,1036
2021,M,ANGEL,1035
2021,M,CARLOS,992
2021,M,JOSE,988
2021,M,GABRIEL,960
2021,M,SERGIO,907
2021,M,ERIC,862
2021,M,JORGE,849
2021,M,DARIO,832
2021,M,ADAM,818
2021,M,SAMUEL,811
2021,M,HECTOR,784
2021,M,RODRIGO,762
2021,M,IKER,750
2021,M,FRANCISCO,737
2021,M,PAU,735
2021,M,JESUS,723
2021,M,GUILLERMO,706
2021,M,JAIME,705
2021,M,LUIS,671
2021,M,IAN,667
2021,M,NOAH,657
2021,M,AARON,641
2021,M,VICTOR,622
2021,M,MOHAMED,612
2021,M,RAFAEL,610
2021,M,PEDRO,609
2021,M,AMIR,606
2021,M,UNAI,597
2021,M,JULEN,593
2021,M,RUBEN,573
2021,M,SANTIAGO,570
2021,M,IVAN,563
2021,M,ERIK,551
2021,M,NIL,535
2021,M,POL,525
2021,M,SAUL,518
2021,M,NEIZAN,505
2021,M,JAN,488
2021,M,MARTI,474
2021,M,MATIAS,470
2021,M,RAUL,460
2021,M,ALBERTO,456
2021,M,AITOR,444
2021,M,JOEL,443
2021,M,RAYAN,429
2021,M,ANDER,426
2021,M,AXEL,425
2021,M,ALAN,423
2021,M,ALONSO,421
2021,M,FERNANDO,412
2021,M,ASIER,411
2021,M,ISAAC,411
2021,M,ANDRES,410
2021,M,FABIO,401
2021,M,BIEL,399
2021,M,IGNACIO,392
2021,M,LUKA,377
2021,M,MAX,374
2021,M,ARNAU,371
2021,M,ISMAEL,371
2021,M,ADAY,352
2021,M,ALEIX,343
2021,M,JON,336
2021,M,NICO,336
2021,M,YOUSSEF,332
2021,M,ELIAS,331
2021,M,KAI,328
2022,F,LUCIA,3539
2022,F,SOFIA,2899
2022,F,MARTINA,2651
2022,F,VALERIA,2580
2022,F,MARIA,2443
2022,F,JULIA,2240
2022,F,PAULA,1912
2022,F,EMMA,1864
2022,F,OLIVIA,1862
2022,F,DANIELA,1661
2022,F,CARLA,1655
2022,F,ALMA,1619
2022,F,MIA,1614
2022,F,CARMEN,1613
2022,F,VEGA,1544
2022,F,LOLA,1542
2022,F,LARA,1537
2022,F,SARA,1453
2022,F,ALBA,1440
2022,F,JIMENA,1410
2022,F,NOA,1397
2022,F,CHLOE,1391
2022,F,VALENTINA,1365
2022,F,CLAUDIA,1272
2022,F,AITANA,1110
2022,F,ANA,1042
2022,F,GALA,1042
2022,F,VERA,1029
2022,F,ABRIL,1028
2022,F,ALEJANDRA,1024
2022,F,TRIANA,997
2022,F,MANUELA,985
2022,F,CANDELA,974
2022,F,LAIA,970
2022,F,ZOE,908
2022,F,INES,901
2022,F,ADRIANA,895
2022,F,VICTORIA,873
2022,F,ELENA,868
2022,F,BLANCA,859
2022,F,MARINA,839
2022,F,CARLOTA,798
2022,F,MARTA,708
2022,F,CLARA,705
2022,F,LUNA,703
2022,F,NORA,699
2022,F,LIA,683
2022,F,ROCIO,676
2022,F,ARIADNA,641
2022,F,IRENE,618
2022,F,ALICIA,596
2022,F,AMIRA,595
2022,F,CELIA,580
2022,F,INDIA,580
2022,F,ONA,573
2022,F,LAURA,570
2022,F,EVA,540
2022,F,LEIRE,538
2022,F,ISABEL,468
2022,F,AFRICA,456
2022,F,ANGELA,450
2022,F,AINA,438
2022,F,IRIA,438
2022,F,GABRIELA,431
2022,F,NAIA,429
2022,F,ANDREA,419
2022,F,MAR,405
2022,F,AINHOA,397
2022,F,IRIS,396
2022,F,JULIETA,385
2022,F,LEYRE,382
2022,F,AINARA,377
2022,F,ELSA,369
2022,F,LINA,358
2022,F,NAHIA,358
2022,F,JANA,345
2022,F,NOUR,340
2022,F,DIANA,330
2022,F,NEREA,329
2022,F,MARA,321
2022,F,ISABELLA,320
2022,F,LAYAN,318
2022,F,ADARA,317
2022,F,CAYETANA,312
2022,F,ELIA,311
2022,F,MACARENA,309
2022,F,HELENA,302
2022,F,CLOE,298
2022,F,AROA,296
2022,F,VIOLETA,295
2022,F,CAMILA,290
2022,F,CATALINA,286
2022,F,YASMIN,283
2022,F,ARLET,282
2022,F,FATIMA,277
2022,F,AURORA,275
2022,F,CAROLINA,275
2022,F,MAIA,274
2022,F,CATALEYA,265
2022,F,ALAIA,264
2022,M,MARTIN,3224
2022,M,MATEO,3132
2022,M,HUGO,3074
2022,M,LEO,2752
2022,M,LUCAS,2537
2022,M,MANUEL,2491
2022,M,ALEJANDRO,2281
2022,M,PABLO,2238
2022,M,DANIEL,2237
2022,M,ALVARO,1938
2022,M,ENZO,1838
2022,M,ADRIAN,1683
2022,M,LUCA,1677
2022,M,DIEGO,1540
2022,M,THIAGO,1529
2022,M,MARIO,1497
2022,M,BRUNO,1471
2022,M,DAVID,1389
2022,M,OLIVER,1380
2022,M,ALEX,1317
2022,M,MARCOS,1274
2022,M,GONZALO,1272
2022,M,LIAM,1256
2022,M,MARCO,1230
2022,M,MIGUEL,1226
2022,M,IZAN,1220
2022,M,ANTONIO,1188
2022,M,JAVIER,1151
2022,M,NICOLAS,1150
2022,M,GAEL,1109
2022,M,MARC,1040
2022,M,JUAN,1036
2022,M,DARIO,1009
2022,M,ANGEL,988
2022,M,CARLOS,977
2022,M,JOSE,956
2022,M,GABRIEL,945
2022,M,DYLAN,883
2022,M,RODRIGO,865
2022,M,ADAM,796
2022,M,SAMUEL,791
2022,M,JORGE,775
2022,M,JAIME,752
2022,M,ERIC,741
2022,M,SERGIO,741
2022,M,PAU,685
2022,M,GUILLERMO,684
2022,M,FRANCISCO,674
2022,M,HECTOR,668
2022,M,NOAH,651
2022,M,IAN,642
2022,M,IKER,642
2022,M,MOHAMED,639
2022,M,RAYAN,638
2022,M,AARON,620
2022,M,JESUS,616
2022,M,VICTOR,598
2022,M,RAFAEL,595
2022,M,JULEN,591
2022,M,AMIR,581
2022,M,SANTIAGO,575
2022,M,LUIS,573
2022,M,UNAI,570
2022,M,ERIK,562
2022,M,PEDRO,539
2022,M,RUBEN,528
2022,M,IVAN,526
2022,M,MATIAS,522
2022,M,NIL,518
2022,M,SAUL,484
2022,M,POL,476
2022,M,ANDER,446
2022,M,BIEL,442
2022,M,JAN,442
2022,M,MARTI,442
2022,M,JOEL,438
2022,M,NICO,434
2022,M,LUKA,425
2022,M,ALBERTO,415
2022,M,ISAAC,415
2022,M,NEIZAN,415
2022,M,RAUL,409
2022,M,ALONSO,399
2022,M,ALAN,398
2022,M,ASIER,386
2022,M,ANDRES,373
2022,M,ISMAEL,372
2022,M,AITOR,371
2022,M,ARNAU,370
2022,M,FABIO,362
2022,M,KAI,360
2022,M,AXEL,358
2022,M,FERNANDO,358
2022,M,ARAN,348
2022,M,IGNACIO,346
2022,M,MAX,334
2022,M,IMRAN,330
2022,M,ALEIX,328
2022,M,MAURO,326
2022,M,ELIAS,323
2023,F,LUCIA,3076
2023,F,SOFIA,2990
2023,F,MARTINA,2507
2023,F,MARIA,2242
2023,F,JULIA,2162
2023,F,VALERIA,2047
2023,F,OLIVIA,1838
2023,F,EMMA,1770
2023,F,PAULA,1720
2023,F,VEGA,1719
2023,F,MIA,1660
2023,F,ALMA,1615
2023,F,CARMEN,1615
2023,F,DANIELA,1543
2023,F,CARLA,1507
2023,F,LARA,1418
2023,F,SARA,1389
2023,F,JIMENA,1362
2023,F,LOLA,1355
2023,F,GALA,1339
2023,F,NOA,1298
2023,F,ALBA,1283
2023,F,CLAUDIA,1269
2023,F,CHLOE,1221
2023,F,VALENTINA,1197
2023,F,AITANA,1037
2023,F,ALEJANDRA,1005
2023,F,MANUELA,986
2023,F,TRIANA,980
2023,F,LAIA,936
2023,F,CANDELA,917
2023,F,ABRIL,898
2023,F,ANA,897
2023,F,ZOE,897
2023,F,INES,880
2023,F,VICTORIA,866
2023,F,VERA,864
2023,F,ELENA,857
2023,F,ADRIANA,828
2023,F,BLANCA,813
2023,F,CARLOTA,746
2023,F,NORA,727
2023,F,MARINA,723
2023,F,ROCIO,702
2023,F,CLARA,693
2023,F,LIA,679
2023,F,LUNA,666
2023,F,AMIRA,608
2023,F,MARTA,606
2023,F,ALICIA,583
2023,F,INDIA,553
2023,F,LEIRE,542
2023,F,CELIA,529
2023,F,LAURA,528
2023,F,ARIADNA,526
2023,F,EVA,492
2023,F,ONA,487
2023,F,GABRIELA,479
2023,F,IRENE,461
2023,F,ISABEL,445
2023,F,AFRICA,440
2023,F,ADARA,420
2023,F,ANGELA,410
2023,F,IRIS,408
2023,F,AINARA,394
2023,F,AINA,382
2023,F,LINA,378
2023,F,ANDREA,376
2023,F,MAR,376
2023,F,ALAIA,372
2023,F,JULIETA,370
2023,F,IRIA,362
2023,F,NAIA,358
2023,F,DIANA,346
2023,F,NOUR,341
2023,F,ELSA,340
2023,F,MACARENA,336
2023,F,ISABELLA,330
2023,F,CATALINA,326
2023,F,MARA,325
2023,F,AURORA,323
2023,F,VIOLETA,323
2023,F,ELIA,319
2023,F,JANA,314
2023,F,AINHOA,313
2023,F,CLOE,305
2023,F,CATALEYA,303
2023,F,LEYRE,302
2023,F,YASMIN,292
2023,F,NEREA,291
2023,F,CAYETANA,285
2023,F,ANTONELLA,282
2023,F,CAMILA,282
2023,F,FATIMA,280
2023,F,HELENA,279
2023,F,CAROLINA,275
2023,F,AROA,273
2023,F,LAYAN,273
2023,F,AYA,272
2023,F,ROMA,268
2023,M,HUGO,3126
2023,M,MATEO,3100
2023,M,MARTIN,2917
2023,M,LEO,2542
2023,M,LUCAS,2394
2023,M,MANUEL,2339
2023,M,PABLO,2224
2023,M,ALEJANDRO,2102
2023,M,ENZO,2062
2023,M,DANIEL,1957
2023,M,ALVARO,1919
2023,M,THIAGO,1560
2023,M,ADRIAN,1506
2023,M,MARIO,1505
2023,M,LIAM,1493
2023,M,DIEGO,1422
2023,M,LUCA,1394
2023,M,BRUNO,1367
2023,M,OLIVER,1331
2023,M,GONZALO,1278
2023,M,DAVID,1243
2023,M,ALEX,1223
2023,M,MARCOS,1201
2023,M,GAEL,1199
2023,M,NICOLAS,1171
2023,M,MIGUEL,1162
2023,M,IZAN,1158
2023,M,MARCO,1148
2023,M,ANTONIO,1118
2023,M,JAVIER,1105
2023,M,JUAN,1056
2023,M,GABRIEL,980
2023,M,ANGEL,924
2023,M,DYLAN,911
2023,M,CARLOS,905
2023,M,MARC,899
2023,M,RODRIGO,868
2023,M,JOSE,866
2023,M,DARIO,860
2023,M,ADAM,818
2023,M,SAMUEL,718
2023,M,NOAH,713
2023,M,JAIME,703
2023,M,JORGE,703
2023,M,FRANCISCO,657
2023,M,SANTIAGO,654
2023,M,SERGIO,647
2023,M,GUILLERMO,630
2023,M,PAU,630
2023,M,ERIC,616
2023,M,HECTOR,595
2023,M,IAN,584
2023,M,MOHAMED,582
2023,M,AARON,572
2023,M,LUIS,571
2023,M,IKER,552
2023,M,MATIAS,544
2023,M,JULEN,543
2023,M,JESUS,541
2023,M,RAFAEL,525
2023,M,AMIR,512
2023,M,BIEL,502
2023,M,ERIK,501
2023,M,VICTOR,497
2023,M,NICO,489
2023,M,PEDRO,481
2023,M,UNAI,476
2023,M,MARTI,471
2023,M,POL,466
2023,M,RUBEN,466
2023,M,SAUL,461
2023,M,NIL,458
2023,M,JOEL,451
2023,M,JAN,447
2023,M,RAYAN,439
2023,M,FERNANDO,438
2023,M,IVAN,428
2023,M,ISAAC,427
2023,M,ALAN,426
2023,M,AXEL,400
2023,M,ALONSO,394
2023,M,ALBERTO,387
2023,M,ARES,373
2023,M,RAUL,373
2023,M,FABIO,366
2023,M,ANDRES,354
2023,M,NEIZAN,354
2023,M,ANDER,353
2023,M,ASIER,346
2023,M,KAI,343
2023,M,ADAY,340
2023,M,LUKA,340
2023,M,AITOR,339
2023,M,ARNAU,336
2023,M,IGNACIO,319
2023,M,ISMAEL,319
2023,M,ELIAS,309
2023,M,MAURO,299
2023,M,TOMAS,298
2023,M,MAX,297
